tiempo,error_pos,error_pitch,x,y,z
0.31944870948791504,19.956112543928167,-0.002488361030932104,0.043887456081789886,-1.9936018363422623e-05,0.30746356300920175
0.49836206436157227,19.956124876027438,-0.0022060168021955416,0.04387512398094512,-1.8291378436524425e-05,0.3074037209434177
0.5063662528991699,19.95614289397467,-0.0018644182307200894,0.04385710603190939,-1.619962863088011e-05,0.30728785641102113
0.5155036449432373,19.956166526330072,-0.0014628655918797755,0.04383347367459903,-1.3653755227942177e-05,0.3071159806379924
0.5233449935913086,19.956195840034773,-0.0010016373564398031,0.04380415996806823,-1.0652100698838673e-05,0.3068880735760544
0.5333216190338135,19.95623093651252,-0.00048122481228120854,0.04376906348877718,-7.19352733762506e-06,0.30660410422575696
0.5729975700378418,19.9562719388872,9.77556082006212e-05,0.043728061113072585,-3.276805219534255e-06,0.3062640333768069
0.5808615684509277,19.956318990636916,0.0007345695932158666,0.043681009363110604,1.0994621383613416e-06,0.3058678142144797
0.5885763168334961,19.956372255653523,0.0014283623436163557,0.04362774434735747,5.936844165293357e-06,0.3054153927217321
0.5992429256439209,19.95643191844513,0.0021781543012981495,0.043568081558030214,1.1237081392970598e-05,0.3049067081189468
0.6069386005401611,19.95649818432629,0.0029828361202153854,0.04350181568095073,1.7002082759228616e-05,0.304341693373208
0.6152260303497314,19.956571279579887,0.0038411629402925348,0.043428720433639836,2.323392274345548e-05,0.30372027578304905
0.6230447292327881,19.95665145159223,0.004751747925905911,0.04334854843022128,2.9934838152273265e-05,0.30304237764158076
0.6315479278564453,19.956738968964583,0.005713055018849933,0.04326103106991261,3.710722424697542e-05,0.3023079169807727
0.6391351222991943,19.956834121604203,0.00672339085202369,0.04316587844597599,4.475362986337692e-05,0.30151680839994055
0.6471166610717773,19.956937220797784,0.007780895768336786,0.04306277927226504,5.287675113523229e-05,0.30066896398188026
0.6549980640411377,19.95704859926998,0.008883533887841685,0.04295140082471776,6.147942338191923e-05,0.2997642943005498
0.6628100872039795,19.95716861122946,0.010029082164239214,0.04283138889529116,7.056461065614364e-05,0.2988027095247314
0.6704752445220947,19.95729763240497,0.011215118371280391,0.04270236775591552,8.013539236493672e-05,0.2977841206227122
0.6792480945587158,19.957436066262566,0.012439047092694612,0.04256393394124556,9.019490711435627e-05,0.2967084392034136
0.687258243560791,19.95758432603291,0.0136979619835136,0.042415674221373816,0.0001007464179493653,0.29557558341129847
0.6960759162902832,19.957743565644154,0.015056901983750356,0.04225643466841149,0.00011169703195551481,0.29438541375177224
0.7039937973022461,19.957914234595734,0.01636046571318713,0.04208576578443036,0.0001231853783029846,0.29313784931356984
0.7126307487487793,19.958095932772938,0.0176859232757262,0.041904067684833526,0.00013517548543741302,0.29183292638103836
0.7234764099121094,19.958289116378346,0.01903489126772547,0.04171088416791924,0.00014766509434155923,0.2904705931034493
0.73246169090271,19.958494321172786,0.020403583453489173,0.04150567947381666,0.00016065606115411307,0.28905080660068905
0.7401401996612549,19.95871210750183,0.021787514739167183,0.04128789325794539,0.00017415033666452875,0.2875735396727596
0.7479283809661865,19.958943056603342,0.023181826585744487,0.041056944283487065,0.00018814954692406244,0.2860387834704965
0.7558021545410156,19.959187770565254,0.02458129056114537,0.04081223046356793,0.00020265483433052557,0.2844465501500195
0.7642800807952881,19.95944687253983,0.025980287239009844,0.04055312864704733,0.00021766669162098348,0.2827968757675547
0.7722287178039551,19.959721006970877,0.027372782672859506,0.04027899439124219,0.00023318476094986583,0.2810898234524329
0.7802927494049072,19.9600111433879,0.028812158108552283,0.03998885816742014,0.00024917541658879815,0.2793254253621268
0.7902414798736572,19.960317906300148,0.030179578916176602,0.03968209546741817,0.0002656357180574574,0.2775038535399861
0.7981281280517578,19.96064157445449,0.03149502430255197,0.03935842754349447,0.00028242177531946665,0.2756254518051056
0.8061082363128662,19.96098285115628,0.03278031250297645,0.039017151093495815,0.0002996923143520396,0.27369027048760625
0.8142521381378174,19.961342480120923,0.0340248192989989,0.0386575224032021,0.00031744266289525987,0.27169856439089596
0.8227274417877197,19.96172123691226,0.0352178014362328,0.03827876590986085,0.0003356617652077945,0.2696506456459459
0.8310286998748779,19.962119919360408,0.036347957162904024,0.03788008378437623,0.000354334782619085,0.2675468873217106
0.8394155502319336,19.96253947291156,0.037435616767124265,0.03746053057867712,0.0003732932985921251,0.2653877796671365
0.8474202156066895,19.962980501575704,0.038453786904316264,0.037019502285613064,0.0003926406950586174,0.2631737305587537
0.857853889465332,19.963444123948847,0.03933872214558435,0.03655588031350865,0.0004125318391755887,0.2609054335175887
0.8664038181304932,19.96393078775344,0.04011771255630168,0.036069216938170626,0.0004328117096088418,0.25858351662436296
0.8744611740112305,19.964441322221298,0.04077915559539784,0.035558682926148985,0.000453356003440165,0.25620875251241537
0.8827428817749023,19.96497655069736,0.041301881438504495,0.03502345493027524,0.0004740372409424336,0.25378208113366785
0.894904613494873,19.965537319888455,0.04167246462625715,0.03446268624140149,0.0004947440904819724,0.25130457448880145
0.903007984161377,19.96612531932175,0.04189381006629479,0.033874687327281314,0.0005152773615997829,0.2487771335973728
0.9112000465393066,19.966740446169837,0.04193246546512643,0.0332595610108551,0.0005354905039313593,0.24620146671811682
0.9192135334014893,19.967383263838787,0.04177048605622262,0.03261674387937527,0.0005551784533218214,0.24357919072395312
0.9276742935180664,19.96805421600064,0.04139145214040959,0.03194579225102496,0.000574055198343032,0.24091214177892536
0.9354963302612305,19.96875339017439,0.04078004874534513,0.031246618593533698,0.0005917508155989694,0.2382023622208839
0.9436938762664795,19.96948045802542,0.03996380766094022,0.030519551266507725,0.0006091878946071559,0.2354508357968998
0.9554443359375,19.970237048727704,0.03902180339370781,0.02976296104048099,0.0006246166189457577,0.23266123993477036
0.9636459350585938,19.971020786981747,0.03803639827945011,0.02897922311379674,0.0006350092116334887,0.22983782540634756
0.9717190265655518,19.97183343953313,0.03683389848942887,0.02816657076242038,0.0006412814707523909,0.2269850739679806
0.97994065284729,19.972666735388135,0.03563148485084549,0.027333274799109096,0.0006379129032587403,0.22410760801991886
0.9882140159606934,19.972361610619515,0.35052024162713397,0.02763841699228858,0.001050212299927244,0.22440500668041824
0.9969656467437744,19.97204087913232,0.6675778882539902,0.027959174949829163,0.001469782906057147,0.22469887213376058
1.0053977966308594,19.97170615335021,0.9873940898983176,0.02829393678691765,0.0018974678866161138,0.2249887516982524
1.0132575035095215,19.97138376253555,1.2782611801997725,0.028616375370413488,0.002346986532064472,0.22530604198684093
1.0218029022216797,19.97111179756556,1.5018658752951743,0.028888360040942265,0.002509014545632389,0.2260413436090081
1.0299580097198486,19.970900570922428,1.731362708973643,0.029099602793678386,0.0026341097585680213,0.22673823055365083
1.0382716655731201,19.97071485966872,1.9632317882329646,0.029285323560585743,0.0027052616336472315,0.22740488651722945
1.047419786453247,19.970537025356172,2.187130556971647,0.029463159895973173,0.0027201414508773052,0.22806877865358177
1.0572268962860107,19.970369540724537,2.3946862252458283,0.029630643777726715,0.002714619060139405,0.22873265857111028
1.0655055046081543,19.970213577277573,2.5838535996762286,0.029786604796630842,0.002696687107230525,0.22939572160637844
1.0732696056365967,19.97007089736258,2.7534142250256983,0.029929281355097107,0.0026717053165632018,0.23005783312418804
1.0828344821929932,19.96994292669064,2.902820768879462,0.030057248128788423,0.00264239813091877,0.23071920707122076
1.0910718441009521,19.96983515832645,3.0331991956178124,0.030165010428842565,0.002596156925202278,0.23138457638096624
1.0993449687957764,19.969744387934448,3.1427838905639986,0.03025577393379951,0.002542623642422415,0.2320514515394761
1.1114757061004639,19.969688799072216,3.2432191619835917,0.030311355232070316,0.0024825021907911035,0.23273749653203413
1.120460033416748,19.96976572633763,3.3609351942864767,0.030234418899423667,0.0024084641970342955,0.23351037850127934
1.1283769607543945,19.969875212962634,3.461375174182984,0.030124925479388196,0.0023514548342966368,0.234291530418189
1.1363272666931152,19.970010784040554,3.5497020627484663,0.02998934684627802,0.0022863995486051745,0.23509123002038904
1.1474387645721436,19.97016008704898,3.642982516342668,0.029840039815874485,0.0022510048722513797,0.23593285765865415
1.1554465293884277,19.970333759896793,3.724318988649517,0.02966636264685464,0.0022123460394229836,0.23678519596923497
1.1640198230743408,19.97052853144088,3.796093819290171,0.02947158657048141,0.002171059288629125,0.23765094786636307
1.17203688621521,19.970744217193424,3.859954777797783,0.029255895904322378,0.00212539226918248,0.23853161646474602
1.180952548980713,19.970977135998734,3.9158165165738077,0.029022972278564065,0.002079616994924404,0.2394265156367719
1.1889662742614746,19.971241266388795,3.9566076047506438,0.02875883703171386,0.0020324546227992344,0.24030445882892212
1.1974408626556396,19.97154054977027,3.9819284982513734,0.028459550831641263,0.0020045823271179135,0.24117863191475566
1.2114317417144775,19.971857327707596,3.995901049381833,0.02814277187044901,0.001994371321636479,0.24204086101601419
1.219761848449707,19.9721897415054,4.0020267725207646,0.027810357549601435,0.001989143180861428,0.24289290383817858
1.2281992435455322,19.972533639932152,4.008924096966653,0.027466459437226608,0.0019923143502286566,0.24374705774790228
1.2394514083862305,19.972866609032017,4.002426314818861,0.02713348452979721,0.0019332344329019426,0.2446586358218767
1.2480838298797607,19.97321249313855,3.989303902268216,0.026787594382435005,0.0018697995692779695,0.2455743314073559
1.2560951709747314,19.973591816375,3.9775659739518927,0.0264082655138701,0.001808654091036719,0.24645406114125304
1.264061689376831,19.974009929957738,3.9675902554296134,0.02599014608245337,0.0017428869710242878,0.2472890805898206
1.2730588912963867,19.974464717022308,3.9608251662557223,0.025535352880667876,0.0016710921353439378,0.24808284333298283
1.2811527252197266,19.974952798452545,3.9579277363041734,0.025047265081573313,0.001593167270227871,0.24884516514883928
1.2898147106170654,19.975464566801293,3.9530681628889437,0.024535490169574226,0.0015086546998010842,0.24959239339655193
1.3050158023834229,19.975999762069296,3.9440457148334507,0.02400028842287158,0.001420303867486567,0.2503260434112473
1.3133246898651123,19.97656564110683,3.9324151233984295,0.023434403002851757,0.0013275239856888948,0.25103635222274545
1.3214786052703857,19.97716837217399,3.9199407831192494,0.022831665660221837,0.0012294879845811044,0.25171013376654017
1.330371618270874,19.977811684896626,3.9079064658476503,0.02218834682487834,0.0011258119473525631,0.25234325091939896
1.3392987251281738,19.97848561167342,3.8781939334171804,0.021514416171844044,0.001054804439356654,0.2529365437342786
1.3471503257751465,19.97916545917042,3.823466886759331,0.020834570323449042,0.001085599278983842,0.25352027933379856
1.355372428894043,19.979848407521107,3.7441690680401254,0.02015163048402749,0.0012323447583091275,0.2540990975444838
1.3666105270385742,19.980566645391562,3.634488718641131,0.01943340757992754,0.0014549229279350983,0.2546378261835937
1.3745179176330566,19.981336767547184,3.507793922936598,0.018663300708120237,0.0016515642236572972,0.2551269381783052
1.3829493522644043,19.982159268300848,3.369960739464261,0.01784081346692774,0.0018077039499606513,0.2555422722483783
1.3954432010650635,19.98303943171124,3.218217792436016,0.016960660131046044,0.0019158747549643089,0.25587353908944266
1.5239429473876953,19.983977898180274,3.0518379039718697,0.01602219907477762,0.0019715693548954406,0.2561226306489603
1.535437822341919,19.984976531270632,2.869916970757761,0.015023566549984577,0.0019773430446820223,0.25628662209584335
1.5434067249298096,19.986038408982182,2.6716759892341306,0.01396168509295084,0.0019391695393884756,0.25635929565283483
1.551236867904663,19.987163084866328,2.457883210273866,0.01283700116515535,0.0018544677450292653,0.2563390474089923
1.5590949058532715,19.988338927204573,2.2825818110207825,0.011661154282786622,0.0018048805990664282,0.25635668309424964
1.567603588104248,19.989609250564335,2.1353683830837387,0.010390835678953656,0.0018568627740983873,0.2564649451858025
1.5760557651519775,19.990944980754538,1.9903784135720266,0.009055116431383023,0.0019712120019269234,0.25651834973702137
1.5844590663909912,19.99222533436046,1.8800309002780948,0.00777476850088615,0.0020280173603250246,0.25647404614076186
1.595438003540039,19.99352027356334,1.7596202154236238,0.006479838193051864,0.0021139554008060496,0.25637938809783356
1.6037702560424805,19.994835182749423,1.649679165851066,0.005164939045872335,0.002206933097624993,0.2562227482512075
1.6126091480255127,19.996259705087812,1.530536940183184,0.003740428505404222,0.0023114344852487654,0.2560749748033954
1.6200737953186035,19.997735804962854,1.4206698111124505,0.0022643406941496446,0.00241363223342663,0.25588389387762495
1.6305601596832275,19.99926787808166,1.3202877935629618,0.0007322793914597836,0.002509719968378496,0.25565108024593974
1.6383848190307617,20.000922016019413,1.213911205316674,-0.0009218469336886384,0.0026007192660154727,0.2554271911733608
1.646524429321289,20.002607323117438,1.116538776577801,-0.002607143453791202,0.0026809481123188194,0.255150014668771
1.6542489528656006,20.00432598961152,1.0284952920159867,-0.0043258013729365165,0.002744298094269361,0.2548197570903021
1.6632027626037598,20.006080451727392,0.9499646982627685,-0.006080257988407178,0.0027842261777514623,0.25443704243124826
1.6706516742706299,20.007842398214347,0.8704396722773963,-0.007842205645933114,0.0027759245119464817,0.2539961195593563
1.678762435913086,20.009595662690224,0.7933385683418482,-0.00959547905454044,0.002710894983544866,0.25350635287122325
1.6914722919464111,20.011334241856243,0.7195386742435645,-0.011334075012052946,0.002584095522721321,0.2529736918698424
1.7007660865783691,20.0130560397019,0.6489876577169853,-0.01305589681004591,0.0023915278357161582,0.25240319084212043
1.7087452411651611,20.014761108917103,0.5819076384448056,-0.014760995661691523,0.002129215813996255,0.25179993231195874
1.7165775299072266,20.016452089458625,0.5187885588700212,-0.016452009063731322,0.0017940014136295947,0.25116992914194236
1.7245700359344482,20.018133036731797,0.45971522901516865,-0.018132988850606893,0.0013845519238869074,0.2505188413069637
1.7323307991027832,20.019818262488645,0.41790231780605674,-0.01981824283668635,0.0008870498159662531,0.24987560508710646
1.739976167678833,20.02147541163033,0.3704409159382642,-0.02147540835784002,0.00036199477202848186,0.24921768180998644
1.7514417171478271,20.023137029376034,0.3219244930793313,-0.023137028967861142,-0.00012785107639952116,0.24857439275149237
1.7595183849334717,20.02481185578395,0.27209893330628954,-0.024811845537393868,-0.0006406018413846079,0.2479057944866219
1.76788330078125,20.02647787765708,0.22848680730589885,-0.026477844637503748,-0.0011500137037880065,0.24724621774661323
1.7759945392608643,20.0281429508927,0.1818510976881129,-0.028142881680077565,-0.001665052715247025,0.24655952045356905
1.7874178886413574,20.029793849828184,0.13691310722062616,-0.029793732309678744,-0.0021697334030828103,0.24587679518754169
1.7955074310302734,20.03143724627782,0.08280580080600711,-0.03143706653221673,-0.0026834912952026792,0.24517240819501807
1.803450107574463,20.033065255779025,0.025215165349474843,-0.03306500160858561,-0.003191179403274084,0.24447419594275607
1.8154289722442627,20.034686745566237,-0.035856862653634775,-0.03468640473235432,-0.003695537845794206,0.24375793951392888
1.8234379291534424,20.03629085585603,-0.09932017063088963,-0.03629041677755966,-0.004194640347693299,0.24303723580388215
1.831800937652588,20.037890796328412,-0.16644633440080078,-0.03789024797923786,-0.004687805609164248,0.24229266643360417
1.8399653434753418,20.039478524533358,-0.236014208095864,-0.039477857594674495,-0.005170126340253971,0.2415502069816066
1.8514208793640137,20.041051615866635,-0.2975493859074994,-0.04105082451601841,-0.005631962038341967,0.24077587198510875
1.8598487377166748,20.042597427307467,-0.3611683166074948,-0.0425965092936825,-0.006066198186969383,0.23997377810687912
1.8678696155548096,20.0440743562507,-0.42612427211145854,-0.0440733099690137,-0.006476379748677504,0.239138571139178
1.8794329166412354,20.045486732691103,-0.49067460610208447,-0.04548555682775493,-0.006865967146038177,0.23826709525942996
1.8871619701385498,20.04685093336239,-0.5667058647017293,-0.04684963370581162,-0.007218590006293218,0.2373508567569624
1.8954803943634033,20.048162471171157,-0.6538810525847635,-0.04816105483397757,-0.0075359082953137665,0.23639530260736624
1.911423683166504,20.049461703974025,-0.749911611693959,-0.04946017619750623,-0.007827016754008426,0.23542210077128584
1.919532299041748,20.050746536257595,-0.855301131734488,-0.05074490241055415,-0.008094424204816562,0.2344208408924067
1.927807331085205,20.05203409024031,-0.963618723443406,-0.052032351850297094,-0.008349641223202782,0.23338725652521353
1.9383397102355957,20.053326700973532,-1.0751600380092752,-0.05332486014868213,-0.00859239901912168,0.23232034740279991
1.9463586807250977,20.054623882398257,-1.1904631544582025,-0.05462194159937005,-0.00882292353634807,0.2312181996552523
1.9545197486877441,20.055925673579498,-1.3096059024546556,-0.0559236350829325,-0.009042558652143857,0.23007831910013843
1.967484951019287,20.057205122210675,-1.4422986861506784,-0.057202994817211486,-0.009237918040256086,0.22889960356193234
1.975414752960205,20.058578347107332,-1.5700588632003152,-0.05857614504435742,-0.00939896273233202,0.22773531916561426
1.983766794204712,20.05995305916794,-1.6994529036836687,-0.0599507819682979,-0.009558296432332691,0.22653011325743513
1.9918391704559326,20.061319171181424,-1.8294715856354538,-0.06131681531045462,-0.009722332705354778,0.225274298401346
2.000657320022583,20.06268987678004,-1.9616066421102674,-0.06268743855718248,-0.009891138058680646,0.2239524951369888
2.008633613586426,20.064065765900338,-2.092071163859602,-0.06406323478792762,-0.01007813501217106,0.22256417674224543
2.016935348510742,20.065444855260115,-2.227592814896039,-0.06544222860296407,-0.010266941192112158,0.22110950386630548
2.027432441711426,20.066824630689734,-2.3686077576228843,-0.06682190457675541,-0.010459868768689807,0.21958811907124684
2.0361084938049316,20.068204740497755,-2.5153144517934027,-0.06820190991246161,-0.010658776780712009,0.21799817443514555
2.0442779064178467,20.06963122486381,-2.666132994339311,-0.06962819629011774,-0.01102563853189345,0.21639465198746718
2.051939010620117,20.07108590240321,-2.7865793641204757,-0.07108264582440904,-0.011433553045010134,0.21473391537072864
2.061896562576294,20.072524852947257,-2.8774111619194165,-0.0725213388829966,-0.011877384897940829,0.21304641171204156
2.069995164871216,20.07398825390652,-2.9534402996602536,-0.07398446668726727,-0.012330822166381332,0.21129615386775444
2.078409194946289,20.075442433762394,-3.028924883565584,-0.0754383553770727,-0.012796513697226524,0.20952143521498956
2.091303586959839,20.07688627494385,-3.09829950821439,-0.07688187991067653,-0.01328446999622592,0.20772725742683895
2.0993077754974365,20.07832892182546,-3.1692010318598727,-0.07832419209801277,-0.01378151023997547,0.20589925724503796
2.1075425148010254,20.079844855716615,-3.2580977551849744,-0.07983988074897594,-0.01413481984285672,0.20415782432284188
2.119420051574707,20.081407465059325,-3.368314049919933,-0.08140227407826767,-0.014438988351023646,0.20243427502235223
2.1280312538146973,20.082982910461734,-3.484454922907862,-0.08297750488018332,-0.014735005074349885,0.20073492580455018
2.1363525390625,20.084564988288108,-3.603895057128552,-0.08455936447924552,-0.015030085740161646,0.1990626523005222
2.1444742679595947,20.08615236408375,-3.7249710923745907,-0.086146514920308,-0.015328872819019302,0.19741682654709983
2.152651309967041,20.087745986116815,-3.8472266829689015,-0.08773990325393405,-0.01563272119457564,0.19579712542603167
2.1607284545898438,20.089346666058674,-3.9700677629169405,-0.08934033965186582,-0.015943234271306467,0.1942028323654987
2.168604850769043,20.09095596132162,-4.093501037216253,-0.09094938124004467,-0.016260387910072244,0.19263328840426383
2.179436683654785,20.09257532361574,-4.217239588141485,-0.09256847887664126,-0.01658483720426166,0.19108800836626458
2.187434673309326,20.09423212286436,-4.351965830438589,-0.09422502406923497,-0.016890518747446025,0.1895446358975871
2.1954219341278076,20.095942729836082,-4.504282510333479,-0.09593540080183881,-0.017162973263003624,0.18798791725693786
2.2036335468292236,20.097708869959156,-4.673277566625988,-0.097701335053242,-0.017403121390879735,0.18641721413585347
2.2134931087493896,20.099531313319194,-4.858263668694114,-0.09952359713622032,-0.017612020415058566,0.18483197080802966
2.221414804458618,20.10140427842683,-5.055447531035979,-0.10139639952356629,-0.017797583472171568,0.1832388498767953
2.229499578475952,20.103308370476643,-5.2533517350849035,-0.10330032517689637,-0.017985389035464188,0.18165969728513862
2.2374155521392822,20.105245795119004,-5.452166139731458,-0.10523758060131766,-0.018174425076309533,0.1800931922185909
2.245891809463501,20.107219972513093,-5.649812350121066,-0.10721158125137333,-0.01836980729681833,0.1785365793598484
2.253511428833008,20.10918063911043,-5.974755636656415,-0.10917244372278608,-0.01815502668196737,0.1773343637536504
2.2615411281585693,20.111171580158388,-6.303366147399993,-0.11116360431494622,-0.017911087301264447,0.17620243945217992
2.2694196701049805,20.11306716557297,-6.555232818817337,-0.11305923111914225,-0.017865395116658384,0.17526314523874045
2.277559518814087,20.114907199806222,-6.771410649718545,-0.11489923159697776,-0.017904175921592436,0.1744641219018518
2.285543441772461,20.116743333181674,-6.974704939993823,-0.11673531166885003,-0.017964781236017587,0.17373739815666284
2.294355630874634,20.11857936574737,-7.163974372319326,-0.11857126741950433,-0.018051416513851705,0.17307634894541968
2.3074982166290283,20.120421323931364,-7.332968413379247,-0.1204131242957097,-0.018164806106933294,0.17249064030014732
2.31542706489563,20.121879771605467,-6.995499399812719,-0.12187131600855106,-0.018446813753689846,0.17306386000458399
2.3238985538482666,20.123401075552145,-6.6674686523301485,-0.12339241605886607,-0.018668605670703903,0.17365283681079546
2.335421323776245,20.1249678646026,-6.366225766164999,-0.12495909702758648,-0.018785479867353898,0.17428671714397226
2.3431031703948975,20.12659136509437,-6.079718887283438,-0.12658254710267275,-0.018840173920711908,0.17493259375161488
2.351168632507324,20.128250888792525,-5.810410254995194,-0.12824208574315762,-0.01882498061239386,0.17556269688666687
2.358839273452759,20.129925153476556,-5.552491112269601,-0.1299163948330766,-0.018778221390669262,0.17616540859701205
2.3665685653686523,20.13163394255825,-5.312660067252794,-0.1316252741126069,-0.018682073595281578,0.17671586240912177
2.375152826309204,20.133364213983867,-5.083873188417095,-0.13335566447791253,-0.01855425992891309,0.17723559045722118
2.3832004070281982,20.13510037456762,-4.857352642636194,-0.13509196857080497,-0.018398671384189023,0.17773963997033548
2.3951256275177,20.136823411607455,-4.623420337675442,-0.13681516469819552,-0.018224517633332292,0.17825053117811013
2.4033424854278564,20.13855714501331,-4.393111607185838,-0.1385490666971137,-0.018038048657087007,0.17875495797757102
2.5440211296081543,20.140302414407767,-4.164208689013479,-0.1402945067573749,-0.017847265283104687,0.17925713902078394
2.555177688598633,20.142055254934718,-3.933452541763485,-0.14204751260106768,-0.017660491624640576,0.17976419930998597
2.5643534660339355,20.143819098951994,-3.7023056147965625,-0.14381152013851492,-0.017473764274452096,0.180271939087486
2.5722670555114746,20.1455952199487,-3.470606629745107,-0.1455878024131581,-0.01728760486984633,0.18078011342389802
2.5831427574157715,20.14737561890557,-3.2332612909355904,-0.1473683464457687,-0.017118466802954084,0.18130565875405238
2.5915517807006836,20.149168350242046,-2.994457267978675,-0.14916121557738457,-0.016956269279841528,0.18183488002259357
2.599512815475464,20.1510048271263,-2.7537211473081626,-0.15099782413983887,-0.01679983270302918,0.182363974222256
2.610687255859375,20.15288883259029,-2.5124250478479917,-0.15288195829786275,-0.01664552958122879,0.18288425246456408
2.619251012802124,20.154845389918005,-2.269452201374252,-0.15483863040402293,-0.016506782631056722,0.18340940865329347
2.6275315284729004,20.15687715338061,-2.024904481504723,-0.15687049489855484,-0.016383783605726655,0.18393622577926422
2.6354129314422607,20.15898685280901,-1.7788763943852253,-0.15898028173372164,-0.016276744071458987,0.18446149077240528
2.6428613662719727,20.161177440330142,-1.5315473017314254,-0.16117094331627105,-0.01618563735777721,0.184981582361934
2.6508331298828125,20.16345192768946,-1.2831006939651912,-0.16344549163858704,-0.016110430268831553,0.18549275176856386
2.6585030555725098,20.165813385448924,-1.0336987259663901,-0.1658069974403321,-0.01605112885486628,0.18599105960590356
2.6677041053771973,20.16826496780158,-0.7835362672812298,-0.16825861510064072,-0.01600768163451573,0.18647223539439173
2.6758129596710205,20.170774404522042,-0.5311744444728158,-0.1707680696257141,-0.01598622811304454,0.18691275983528383
2.6837587356567383,20.17334331924074,-0.27692584137094545,-0.17333698601361078,-0.0159851396692401,0.18731036151657196
2.6954383850097656,20.175973600109117,-0.02119269498165792,-0.17596725384906514,-0.01600262197974187,0.1876623887032991
2.7035281658172607,20.17863494313588,0.23690204708920506,-0.17862859599863914,-0.016004783358881006,0.1879359485716116
2.7117767333984375,20.18085075119918,0.37423357967240684,-0.18084437382048246,-0.01604374690382442,0.18853279102754497
2.723442316055298,20.18292032877737,0.4671918068995536,-0.18291390607230756,-0.016101485891961375,0.18912401243383306
2.7316176891326904,20.18493135161913,0.5365211286198582,-0.18492487640565522,-0.016167975660645574,0.18962946117549523
2.7394583225250244,20.18689194825349,0.5721132075741124,-0.18688541861660146,-0.016236566939774683,0.1900507408309916
2.746933698654175,20.18880633749664,0.5684109932576876,-0.18879975429084422,-0.01630380600892756,0.19038891907884253
2.7558705806732178,20.19064816135525,0.5286422633008189,-0.19064154480498705,-0.016345789459698314,0.19061952761083475
2.7641823291778564,20.192398886292803,0.4744697538568267,-0.19239223991501495,-0.01638330182642643,0.19077366338838284
2.772500514984131,20.194024025724985,0.41294812328911673,-0.19401733209621733,-0.01644209705657668,0.19083639547884884
2.7801144123077393,20.19552393357514,0.34273801119281716,-0.19551717586775308,-0.016521223829922268,0.1908089317203269
2.7892277240753174,20.19687139944083,0.2612099967161723,-0.196864557224867,-0.016624760596995775,0.1907025620430479
2.7967753410339355,20.198136437329946,0.17444723723842082,-0.19812947731323,-0.016767787151057104,0.19050704604175822
2.804701328277588,20.199367873246985,0.0865125528108344,-0.19936076507519498,-0.016945828489786936,0.19020352527017553
2.81375789642334,20.200565697031198,-0.00020057737424552052,-0.20055840619670745,-0.01716268944396741,0.18978947965761453
2.8212890625,20.201729007482474,-0.08441356250167738,-0.2017214947356489,-0.017422425050127907,0.18926448177747218
2.829987049102783,20.202866593562742,-0.16240869637804456,-0.20285879954678232,-0.017746066283817502,0.18864107078597875
2.837700366973877,20.20391529880247,-0.19607694792057875,-0.20390723166631772,-0.01805478900739536,0.18799557362386937
2.845102071762085,20.20480824239805,-0.2493140520488658,-0.20479985433381892,-0.01841082258982473,0.18737670026717834
2.8532962799072266,20.2055910146329,-0.25907119295274,-0.20558232277703006,-0.018741613973365434,0.1867496803792312
2.8617141246795654,20.206320141682134,-0.2630486432104416,-0.20631117521800194,-0.019035714046138987,0.18600649129398603
2.8692526817321777,20.206998040089925,-0.2629795402776591,-0.2069888466063927,-0.01927551096469852,0.1851475853292456
2.8775885105133057,20.207603884772638,-0.25131307318147933,-0.20759454351077908,-0.019430104258831137,0.18420159758982096
2.8859965801239014,20.20807186157091,-0.23716541710261216,-0.208062483550282,-0.0194685218142655,0.18320405565826225
2.8942975997924805,20.208405629694656,-0.22181882207667053,-0.20839632088883997,-0.019396704901892284,0.18215570413423957
2.9070308208465576,20.20862300109828,-0.2038915168720643,-0.20861385067879412,-0.019231086076583435,0.18105831633703778
2.9149398803710938,20.20874098442991,-0.18132893150277535,-0.20873206168561712,-0.018990386433067358,0.1799112526558438
2.9232375621795654,20.208723340216775,-0.15266240284919738,-0.20871469960625433,-0.018687732350626693,0.17870030429177744
2.935421943664551,20.208551149928667,-0.1294269158733421,-0.20854286103679587,-0.018303358215665443,0.17741996518183228
2.943056583404541,20.20822803990849,-0.11451701925830891,-0.20822017359814085,-0.01783054471903248,0.17607147604986223
2.9509360790252686,20.207778884822172,-0.10643623608142302,-0.20777149385624677,-0.017283227587053793,0.17465235685004868
2.9634387493133545,20.207312310546488,-0.10083503385972652,-0.20730540759356042,-0.016702700494745856,0.1731472483022117
2.971017360687256,20.206825578730015,-0.08925272406458319,-0.20681917423138466,-0.016088167470039286,0.17158037883711724
2.979339361190796,20.206340878791725,-0.07970618531121365,-0.20633500258890108,-0.015410161586336553,0.16997326539153362
2.9914329051971436,20.20585278490871,-0.0709165906297995,-0.20584745820621184,-0.014671779194312144,0.16832839352491916
3.000058174133301,20.20536710731556,-0.06510939030243622,-0.20536235056160146,-0.013864483309293312,0.16665612891424764
3.0080530643463135,20.204886786720095,-0.06878521435512709,-0.20488257621809453,-0.013043980023544498,0.1649802700737759
3.016124725341797,20.20437024031103,-0.08545339576840134,-0.20436652909011976,-0.012246050334475107,0.1633586521362284
3.025831937789917,20.203882281199494,-0.09450853604935902,-0.20387902279555636,-0.011474528684450959,0.16170122364534337
3.0342824459075928,20.203430418775,-0.10165636254589747,-0.20342756635485332,-0.010735796926907397,0.16004480945967284
3.04219651222229,20.20304994929394,-0.09263280925090503,-0.20304741673312415,-0.01011587361348388,0.15850800201431423
3.0554256439208984,20.202728861356825,-0.04272795678850864,-0.20272661415653512,-0.009528858863706278,0.1570280427722853
3.0634357929229736,20.202451892029504,0.05735132486464048,-0.20244989069403857,-0.008992428089556099,0.15562839894630265
3.071505546569824,20.202136569868625,0.10579677958754993,-0.202134769359418,-0.008529259201753594,0.1544735266247969
3.083296060562134,20.201815359281216,0.14354551679199357,-0.20181372837549597,-0.008117543344560246,0.15345280835429748
3.0911786556243896,20.201534855020974,0.1842239941668943,-0.20153336530163057,-0.007758171960623505,0.15252181375694254
3.0996663570404053,20.20133477901894,0.2302370187278843,-0.20133340128051866,-0.007460851717269687,0.15166905018540267
3.1114277839660645,20.201196913579505,0.2753580686937792,-0.20119562504096597,-0.007215264361575846,0.1508924793282105
3.1189825534820557,20.201090960517323,0.3072877226547045,-0.20108974799043677,-0.006999194983048832,0.15018837758867767
3.1269032955169678,20.200999759906114,0.321343753785854,-0.2009986094283524,-0.006817741614127658,0.14956499043711513
3.134709358215332,20.200905895981485,0.32311106655882355,-0.20090479156697713,-0.006679846241199086,0.14903196845120417
3.1422126293182373,20.2008342241607,0.31500948123324024,-0.2008331502839924,-0.006586836086115797,0.14856929928954254
3.1503636837005615,20.20076486110189,0.2989236136833145,-0.2007638027337582,-0.006539089422246351,0.14818190453062563
3.158299207687378,20.20071030330705,0.275983256501782,-0.20070924431791043,-0.006540998753948342,0.14786608071979454
3.171452522277832,20.200689937644896,0.24415167729560058,-0.20068886238517164,-0.006591052680374114,0.1476140751007848
3.1800949573516846,20.200697352429877,0.20002495790499383,-0.2006962461339451,-0.006685499036411755,0.14742293368042503
3.188014507293701,20.2007137043696,0.14459496768168384,-0.20071255301986035,-0.006820276506887619,0.14728779018081595
3.1958916187286377,20.20073419857671,0.07146929375574482,-0.200732999928507,-0.006958961563784618,0.14717712338018626
3.205764055252075,20.200758529546317,0.0016405122999075797,-0.20075728548920002,-0.007089555224107187,0.14711311992255996
3.2137720584869385,20.200707947419552,-0.03395531432812969,-0.20070667934957837,-0.007157640729546274,0.14717201631635862
3.2217118740081787,20.200661417672944,-0.06815145507042346,-0.20066012997601151,-0.0072128120570816604,0.14722853144603545
3.2314224243164062,20.200618968457754,-0.09903394492176378,-0.20061766358657582,-0.007260744400149527,0.1472806014193215
3.239342212677002,20.200579360322585,-0.12746488226805922,-0.20057803963057888,-0.007304620849370251,0.1473291764844823
3.2474477291107178,20.200541081376432,-0.1546582795976132,-0.20053974563760238,-0.0073461073011755786,0.14737618643745304
3.255528450012207,20.200508140026283,-0.17866088604047853,-0.20050679073029193,-0.007383287040341089,0.1474182140485768
3.266730308532715,20.200492832300725,-0.19320988116704604,-0.2004914731439803,-0.0074102139170502315,0.1474514289636458
3.2745234966278076,20.200491803441267,-0.19832832916843202,-0.20049043848631967,-0.007426003007014466,0.14747495238479463
3.282559633255005,20.200498140302045,-0.19493179412418635,-0.20049677551625336,-0.007425544012449997,0.1474848357191859
3.2954931259155273,20.200513024562007,-0.18519637640435563,-0.20051166626784042,-0.007407865825883838,0.1474838946290072
3.3038535118103027,20.20053506286525,-0.16985238288871868,-0.20053371556365332,-0.007377833315679898,0.14747636988114704
3.312828540802002,20.200564329526387,-0.1493707149286914,-0.20056299684703244,-0.007337693659829131,0.14746599747227274
3.3234260082244873,20.200601051574047,-0.1238844017488973,-0.2005997371322856,-0.0072873195035875575,0.1474535138962214
3.3321807384490967,20.200645756569383,-0.09309645730235755,-0.2006444641371958,-0.007226058951057411,0.14743886627799316
3.339792490005493,20.200700113601556,-0.05602731121175259,-0.2006988476161749,-0.007151753668378718,0.14742195446213519
3.3475027084350586,20.20076455006,-0.012259439058460251,-0.20076331506570608,-0.007063685746858286,0.14740236548224908
3.356098175048828,20.200789912772628,0.009060388570552655,-0.20078869700102694,-0.007008501397737482,0.14741667075065834
3.363760232925415,20.20079562228532,0.01088968807279124,-0.20079441262405523,-0.006990868216760709,0.14745018348896685
3.371847152709961,20.20080221676384,0.008187645829526337,-0.20080100969401474,-0.006983377128237575,0.14747978655724567
3.3834211826324463,20.200806346264958,0.008508687216295748,-0.20080514198378868,-0.006975306432126195,0.14750202489115719
3.392423391342163,20.200807382741544,0.00867261056972488,-0.20080618014773674,-0.006970418225662632,0.14751392952825024
3.400360107421875,20.200807456414143,0.00871622066677188,-0.20080625405540245,-0.006969736971129527,0.14751622659881924
3.408170700073242,20.200807790495343,0.008744603167091908,-0.20080658812054253,-0.006969783574978765,0.1475172719899275
3.4170072078704834,20.200808073704742,0.008750751179610914,-0.2008068712984389,-0.006969874922496227,0.14751831757310402
3.549015522003174,20.200808315924093,0.008754264378818188,-0.20080711352056999,-0.006969866908081302,0.14751918237551478
3.5569679737091064,20.200808467216525,0.008754219575829185,-0.20080726482356076,-0.0069698363369141755,0.1475198600368965
3.5654549598693848,20.200808608186875,0.008756104491104241,-0.20080740579295983,-0.0069698391088377715,0.14752050422046534
3.579392194747925,20.2008087505373,0.008758907942369854,-0.2008075481338438,-0.006969866783551035,0.14752114126258545
3.5883450508117676,20.20080889129616,0.008762332983947482,-0.2008076888798236,-0.006969904139017567,0.14752176996056315
3.596391201019287,20.200809028286262,0.008766239111648711,-0.20080782585642884,-0.006969943278295757,0.14752238702462675
3.6073226928710938,20.200809161665124,0.008771049431407723,-0.20080795921731245,-0.006969995422071824,0.14752303140645878
3.6162147521972656,20.20080929471664,0.008772988152311513,-0.20080809222268595,-0.006970129174162543,0.14752362716369066
3.6241326332092285,20.200809661722047,0.008777094216638349,-0.20080845915998563,-0.006970326612650968,0.147524170691909
3.6354336738586426,20.20080995236636,0.008777054358273294,-0.20080874972455465,-0.006970557771800442,0.14752461912481118
3.64475679397583,20.20081022732704,0.008778728332976516,-0.2008090246084814,-0.0069707802486619844,0.147525042483491
3.652677536010742,20.200810524574138,0.008781445485023416,-0.2008093217750137,-0.006971013766939548,0.14752551298446578
3.6604394912719727,20.200810811112554,0.008783744063242163,-0.20080960823700839,-0.006971235266778,0.147525969973724
3.66865611076355,20.20081109250288,0.008786069066047038,-0.20080988955417783,-0.006971447306821832,0.14752642166510194
3.6767375469207764,20.20081137103101,0.00878838170702489,-0.20081016801173318,-0.006971651845123331,0.14752687215209612
3.6846137046813965,20.200811646304725,0.008790638848086245,-0.2008104432174215,-0.006971849013522855,0.14752732054695195
3.6955513954162598,20.200811916830954,0.008792798579843986,-0.2008107136784839,-0.0069720378751966135,0.14752776363212675
3.703319549560547,20.200812203007242,0.00879547681355478,-0.20081099978679573,-0.00697223486920609,0.1475282407368199
3.711331844329834,20.20081221821455,0.008804118389259666,-0.2008110149669882,-0.006972313435622091,0.14752892502158704
3.71878981590271,20.20081229600108,0.008814499866190451,-0.2008110927667269,-0.006972275173801849,0.14752957988663004
3.727851390838623,20.200812378214636,0.008822518957513846,-0.20081117498843995,-0.006972251547720943,0.14753023377391902
3.7357144355773926,20.200812462934028,0.0088300616672758,-0.20081125971466013,-0.006972231790136632,0.14753084462844446
3.7435479164123535,20.200812550346374,0.008838537473077005,-0.20081134712334953,-0.006972242400464021,0.147531506820011
3.7554268836975098,20.20081263721417,0.008846769542538038,-0.20081143399006096,-0.006972245561332026,0.14753211420618267
3.763378143310547,20.200812724612053,0.008855682905251471,-0.20081152137677782,-0.006972277919736637,0.1475327650408017
3.7728936672210693,20.200812810499475,0.008864951667675411,-0.20081160725212474,-0.006972312921527711,0.14753340198449283
3.783419132232666,20.200812894541272,0.008874108151492704,-0.20081169127779866,-0.0069723596484121955,0.14753402358554962
3.7910494804382324,20.200813285721264,0.00888161492014135,-0.20081208236569342,-0.0069726265433437745,0.1475346758302826
3.7985384464263916,20.20081356950654,0.008885368288364172,-0.2008123660561373,-0.006972901339865492,0.14753517424309492
3.806375026702881,20.200813856980712,0.008891689032887527,-0.20081265343393492,-0.0069731805819264105,0.14753568367158618
3.8151681423187256,20.200814143257816,0.008898154151847948,-0.20081293961726435,-0.006973452277145768,0.1475361958181339
3.823073148727417,20.200814425418056,0.008904433659382288,-0.2008132216873404,-0.006973713509697759,0.14753670483385853
3.8313496112823486,20.200814702976167,0.008910515284897714,-0.20081349915902194,-0.006973963912496385,0.14753720919294977
3.8434295654296875,20.20081500150169,0.008915888084380458,-0.20081379758189793,-0.006974261296718249,0.14753776505188013
3.8515260219573975,20.200814968297692,0.008928861151302255,-0.2008137643591331,-0.006974315640847475,0.14753839360570334
3.859510898590088,20.20081501122286,0.008941963451602112,-0.20081380729828502,-0.006974275145948055,0.14753900849002516
3.8676340579986572,20.200815061191847,0.008952949121310175,-0.20081385727047274,-0.006974265885275832,0.14753967511638438
3.879431962966919,20.200815112612364,0.008963417703041323,-0.20081390869645102,-0.006974250077354569,0.14754028505937916
3.8870420455932617,20.200815164828665,0.008974391849358557,-0.20081396090652417,-0.006974268129781381,0.14754094038530569
3.8954381942749023,20.200815519271153,0.008979412023641038,-0.20081431523987092,-0.006974584298489682,0.1475415690947867
3.9031333923339844,20.20081583533629,0.008989751624547274,-0.20081463120909115,-0.006974862153784553,0.1475421484499757
3.9122657775878906,20.200816104932535,0.008996784219103639,-0.20081490071338198,-0.006975128513712812,0.1475426601732554
3.919999361038208,20.20081637779025,0.009004366223617685,-0.20081517348013905,-0.0069753919898903295,0.14754318128748856
3.9282331466674805,20.200816669870377,0.009012018931115898,-0.20081546546266754,-0.006975674674280529,0.14754374510431278
3.9358725547790527,20.200816609769593,0.009022053773740994,-0.20081540532322317,-0.0069757866171613475,0.14754433028948336
3.944532871246338,20.20081663335981,0.009038640515998312,-0.20081542892922774,-0.0069757409146166925,0.14754497213905363
3.9524052143096924,20.200816660722115,0.0090507560491458,-0.20081545630213082,-0.006975710220641303,0.14754561036633587
3.9605464935302734,20.200817031477797,0.009056623121248554,-0.20081582694547243,-0.006976035599488761,0.147546293485287
3.9714365005493164,20.20081733783563,0.009066945916799197,-0.20081613320612698,-0.006976317048429855,0.14754688051484943
3.9794905185699463,20.200817626079377,0.009075385357717567,-0.20081642134796204,-0.006976612193705541,0.1475474530263888
3.9873132705688477,20.20081790655076,0.009075893686755784,-0.20081670170008978,-0.006976957542751472,0.14754801683739563
3.9950599670410156,20.200818215797533,0.009075499654602756,-0.200817010800474,-0.006977381430230966,0.14754864532127115
4.002928972244263,20.200818517681892,0.00907748895222179,-0.20081731254949467,-0.006977773295754604,0.14754925176125624
4.010882616043091,20.200818805439855,0.009081704159675887,-0.2008176001989022,-0.006978087612483634,0.14754982432366814
4.018952131271362,20.200819047316358,0.009091666508389865,-0.20081784204909436,-0.006978163822541596,0.14755034865607414
4.0314342975616455,20.200819283905698,0.009096855422847733,-0.20081807862195622,-0.006978211562135456,0.14755088745480807
4.041382789611816,20.200819503327587,0.009099744273867661,-0.20081829803151086,-0.006978247310738277,0.14755140820520252
4.0495100021362305,20.200819713654877,0.009107186824605297,-0.20081850831825993,-0.006978364705285623,0.14755193894877258
4.059423923492432,20.200819834282278,0.0091161147364387,-0.2008186289382944,-0.006978386052536705,0.14755230982685558
4.067350149154663,20.200819970488013,0.009128767255787703,-0.20081876512389527,-0.006978444351210452,0.14755271007618148
4.074941635131836,20.200820080639303,0.00914350208484477,-0.20081887526459505,-0.006978475032885746,0.14755306329118656
4.082833766937256,20.20082016761483,0.009159399085458687,-0.20081896223235923,-0.006978497522765097,0.1475533732976312
4.090688228607178,20.20082025818673,0.0091760229994474,-0.20081905278902523,-0.006978541629842574,0.14755369147035882
4.09841513633728,20.20082034385523,0.00919265173438179,-0.2008191384409749,-0.0069785895621557155,0.147554004155068
4.106850862503052,20.20082042582809,0.009209112067452379,-0.200819220397062,-0.006978638129669671,0.14755431331556557
4.119430065155029,20.20082048331912,0.00922498368645693,-0.20081927788016363,-0.006978661077772353,0.14755457639134878
4.1288371086120605,20.200820573306686,0.009241290898960823,-0.2008193678451971,-0.00697872631206978,0.14755490258341153
4.136795282363892,20.20082063010776,0.009256700921865283,-0.20081942463695354,-0.006978753292742511,0.14755516940816382
4.1474199295043945,20.200820691983143,0.009271841848998664,-0.20081948649780673,-0.006978795375453316,0.14755544564547815
4.155980348587036,20.20082075348561,0.009286475326355346,-0.20081954798462276,-0.006978840680627249,0.14755572261272426
4.164374828338623,20.200820813603716,0.009300577334684968,-0.20081960808668084,-0.00697888713749872,0.1475559986842555
4.172184228897095,20.200820873103304,0.009314213716861287,-0.2008196675699483,-0.006978934396643535,0.1475562751532312
4.179945945739746,20.20082093218591,0.009327446418277685,-0.20081972663597658,-0.006978982385034783,0.14755655241137636
4.187903642654419,20.20082099048281,0.009340300192091056,-0.20081978491603983,-0.006979031136682226,0.14755682984110055
4.196760416030884,20.200821047588796,0.009352773719210818,-0.200819842004917,-0.0069790806614301116,0.14755710666770414
4.2065205574035645,20.200821103442625,0.009364868210343711,-0.20081989784139775,-0.006979130889135712,0.14755738264218832
4.2158203125,20.200821158313868,0.009376604610492138,-0.20081995269508798,-0.006979181707265624,0.1475576580914106
4.223871469497681,20.20082121252777,0.009388018803574559,-0.20082000689126286,-0.006979233028404874,0.1475579334922301
4.231602191925049,20.200821266226644,0.009399145196510713,-0.2008200605722428,-0.006979284821733691,0.14755820905366854
4.241008996963501,20.20082131934733,0.00941000531868224,-0.2008201136748775,-0.006979337092715537,0.14755848463864607
4.249169826507568,20.200821371767795,0.009420609108975945,-0.20082016607711656,-0.006979389842027894,0.14755875998567247
4.256856441497803,20.200821401764973,0.009430497755582645,-0.20082019606389181,-0.006979419961734796,0.14755899150843965
4.267452716827393,20.20082146253158,0.00944068833217966,-0.200820256806931,-0.006979488176955662,0.14755928046775832
4.275655269622803,20.200821515680577,0.009450484316966759,-0.2008203099364309,-0.006979544615757853,0.1475595584686817
4.283757209777832,20.20082154477624,0.009459590054272327,-0.20082033902109267,-0.006979576472888479,0.14755979012248133
4.295435190200806,20.20082160473578,0.009469070795576332,-0.2008203989565835,-0.006979646084425554,0.1475600793831519
4.303494453430176,20.200821635362434,0.00947775837713096,-0.2008204295713078,-0.006979680616905067,0.14756031415703882
4.311767578125,20.200821694973687,0.009486815194261405,-0.20082048915815218,-0.0069797512675608036,0.1475606036083252
4.323473930358887,20.200821725145,0.009495110895495906,-0.20082051931725659,-0.0069797866029213,0.14756083839786413
4.332611799240112,20.200821784341166,0.00950381281781304,-0.20082057848878468,-0.006979857923185652,0.1475611279100575
4.3404881954193115,20.200821814141367,0.009511790410253419,-0.20082060827658252,-0.00697989382389072,0.14756136280973764
4.348055839538574,20.200821872979308,0.009520207119334781,-0.20082066708971344,-0.006979965642975795,0.14756165242945657
4.356294631958008,20.20082190240288,0.009527926466513747,-0.2008206965007228,-0.0069800019980802005,0.14756188737854956
4.3642706871032715,20.200821960843452,0.00953610698430017,-0.2008207549163405,-0.006980074232513731,0.1475621769786425
4.372518062591553,20.200821989864814,0.009543608938385318,-0.200820783925011,-0.006980110967579536,0.14756241186291053
4.383417129516602,20.200822047920557,0.009551589357042103,-0.2008208419556783,-0.0069801835476459,0.14756270139006256
4.391160011291504,20.200822076590402,0.009558907835666194,-0.20082087061272266,-0.006980220595919703,0.14756293622417585
4.39921760559082,20.200822134318155,0.009566719927859998,-0.20082092831530238,-0.0069802934640295295,0.14756322571122657
4.406678915023804,20.20082216267223,0.009573883184409071,-0.20082095665648667,-0.006980330780339263,0.14756346049856484
4.4144041538238525,20.2008222200905,0.009581551286815914,-0.2008210140494922,-0.006980403897936259,0.14756374992137433
4.548616647720337,20.200822248144128,0.009588580388680148,-0.2008210420901432,-0.0069804414466918124,0.1475639846321771
4.55640721321106,20.200822305276837,0.009596123439989461,-0.2008210991975192,-0.00698051477953737,0.14756427397621544
4.596961736679077,20.200822333066494,0.009603036255340818,-0.2008211269741304,-0.006980552527003217,0.14756450861984408
4.604685306549072,20.20082238995294,0.009610471208984304,-0.20082118383517703,-0.0069806260444513525,0.1475647979036073
4.613317012786865,20.200822417510892,0.00961728336306756,-0.20082121138002718,-0.006980663964458521,0.14756503249074918
4.621352195739746,20.200822474175816,0.009624624306558574,-0.20082126801949238,-0.00698073764327283,0.14756532171468348
4.629685163497925,20.20082250152283,0.009631348442174168,-0.20082129535335194,-0.0069807757144986346,0.14756555624060153
4.637383222579956,20.200822557987863,0.009638606932662603,-0.20082135179287997,-0.006980849534350066,0.14756584540289086
4.645767688751221,20.20082258514903,0.009645253931334275,-0.20082137894084706,-0.006980887736941895,0.14756607987357354
4.653642416000366,20.200822619916327,0.009651980253266778,-0.2008214136905369,-0.0069809386933325545,0.14756632584768242
4.66206955909729,20.20082267827318,0.009659098524232877,-0.20082147202113254,-0.006981014675134841,0.14756661792975942
4.677325963973999,20.200822705567113,0.009665578923365099,-0.20082149930167112,-0.00698105344303241,0.14756685262681665
4.685086250305176,20.2008227619258,0.009672613925853444,-0.20082155563467646,-0.006981127771547905,0.14756714191355488
4.693153142929077,20.20082278898221,0.009679060987553098,-0.20082158267774772,-0.006981166377409468,0.14756737652571747
4.700897455215454,20.20082284514362,0.009686068898693586,-0.20082163881349147,-0.006981240650608295,0.14756766573567118
4.709228277206421,20.200822871997417,0.00969248898412419,-0.20082166565394813,-0.006981279249933301,0.14756790022586758
4.7167582511901855,20.20082290645731,0.009699009275663686,-0.20082170009611497,-0.006981330560720663,0.14756814619350103
4.724726915359497,20.2008229645088,0.009705939715205586,-0.20082175812123257,-0.006981406861846615,0.14756843824454047
4.7329277992248535,20.200822991507394,0.009712248349514344,-0.20082178510633153,-0.006981445920279003,0.1475686729015191
4.743078708648682,20.200823047578236,0.00971912576150273,-0.20082184115139698,-0.006981520513872159,0.14756896213338305
4.750959873199463,20.200823074360244,0.009725427851775855,-0.20082186791998072,-0.006981559362914086,0.1475691966888219
4.759680986404419,20.200823108736305,0.009731842102845323,-0.2008219022782438,-0.0069816108741654085,0.1475694427033729
4.767618417739868,20.200823166693002,0.009738677257866316,-0.20082196020851503,-0.006981687343446954,0.14756973477783625
4.7786805629730225,20.200823193594093,0.009744900161623856,-0.2008219870960552,-0.0069817265482057305,0.14756996944710896
4.786612033843994,20.200823249564188,0.009751700163268198,-0.20082204304032744,-0.006981801271289326,0.14757025867659487
4.795720100402832,20.200823276247174,0.009757932090580975,-0.20082206970985159,-0.006981840236549423,0.14757049322435056
4.80745267868042,20.20082331052538,0.009764282524138508,-0.2008221039702188,-0.006981891852834995,0.14757073922412248
4.818387746810913,20.20082336838479,0.009771059331622875,-0.2008221618031668,-0.006981968416896621,0.14757103127504986
4.829346418380737,20.200823395193353,0.009777228743819267,-0.20082218859815343,-0.00698200770817599,0.14757126592075095
4.837961912155151,20.200823451072797,0.009783979538866708,-0.20082224445174765,-0.0069820825100808314,0.14757155512056466
4.846135139465332,20.20082347767061,0.009790166092360893,-0.20082227103606812,-0.006982121547738739,0.14757178964040366
4.85438871383667,20.20082351186741,0.009796474613462565,-0.2008223052150074,-0.006982173230642622,0.14757203561078322
4.86264181137085,20.200823569647707,0.009803212540313558,-0.2008223629688219,-0.006982249855488492,0.14757232762795858
4.877215623855591,20.200823596382943,0.009809345856204101,-0.20082238969046134,-0.006982289203008866,0.14757256224324447
4.885855197906494,20.200823652191406,0.009816063065214467,-0.20082244547305347,-0.006982364056556196,0.14757285140905846
4.89491605758667,20.20082367872382,0.009822218339537407,-0.20082247199195732,-0.006982403142088172,0.14757308589859067
4.907450914382935,20.20082371285886,0.009828497728008331,-0.20082250610912025,-0.006982454869357335,0.14757333183871174
4.916621208190918,20.20082377057937,0.009835208410994683,-0.2008225638031314,-0.006982531534717668,0.14757362382246259
4.9247002601623535,20.20082379726013,0.009841316265861393,-0.20082259047028433,-0.006982570919966526,0.14757385840857384
4.932725429534912,20.20082385301586,0.009848009643150753,-0.20082264620013107,-0.006982645808181255,0.14757414754227138
4.944375991821289,20.200823879500422,0.00985414261108943,-0.20082267267117682,-0.006982684925978437,0.1475743820038059
4.952921152114868,20.20082391359052,0.009860401140605211,-0.20082270674338074,-0.006982736683213208,0.14757462791626103
4.961523771286011,20.200823971267294,0.009867092228130911,-0.20082276439364985,-0.006982813375769833,0.14757491986937155
4.975424766540527,20.200823997908888,0.009873181709000329,-0.20082279102162137,-0.006982852786404468,0.147575154429219
4.983309030532837,20.200824053626434,0.009879857831857259,-0.2008228467132765,-0.00698292769783248,0.14757544353377772
4.991360187530518,20.200824080076956,0.009885974607471537,-0.2008228731502683,-0.006982966837251128,0.14757567797029686
4.99933648109436,20.200824114135163,0.00989221797014375,-0.2008229071905804,-0.006983018614543444,0.1475759238580283
5.0081164836883545,20.200824171780553,0.00989889476564704,-0.20082296480945921,-0.006983095325064003,0.14757621578336955
5.016042947769165,20.200824198394635,0.009904970819528545,-0.20082299140991122,-0.006983134752470662,0.14757645031973352
5.024075031280518,20.200824254085,0.009911634307794662,-0.20082304707438134,-0.0069832096790660965,0.14757673939784213
5.035430192947388,20.200824280511853,0.009917739207342211,-0.20082307348769798,-0.006983248832590778,0.14757697381193083
5.044704437255859,20.200824314547955,0.009923971438954482,-0.2008231075058983,-0.006983300622913449,0.14757721967741558
5.052687406539917,20.200824372171173,0.00993063771960809,-0.20082316510259648,-0.006983377344821364,0.14757751157735388
5.060784816741943,20.2008243987664,0.00993670388100126,-0.20082319168419363,-0.006983416782846969,0.1475777460924796
5.068769454956055,20.20082445443774,0.009943358043566676,-0.2008232473296298,-0.006983491718848195,0.1475780351462687
5.077021598815918,20.20082448084858,0.009949454167859353,-0.200823273726936,-0.006983530881078937,0.14757826953994577
5.085673093795776,20.200824514869783,0.009955678173199594,-0.20082330773023138,-0.006983582679374413,0.14757851538509464
5.09942626953125,20.2008245724776,0.009962336660298866,-0.20082336531152514,-0.006983659407931041,0.1475788072614386
5.107443571090698,20.20082459906034,0.009968395481112249,-0.20082339188063317,-0.006983698852132945,0.14757904175703174
5.115436792373657,20.20082465471863,0.009975042711538408,-0.20082344751301695,-0.00698377379337269,0.14757933078811208
5.123239278793335,20.200824681119084,0.009981132303751493,-0.2008234738999303,-0.006983812960404857,0.1475795651628917
5.131433725357056,20.20082471513066,0.009987350186728035,-0.20082350789359785,-0.006983864763009202,0.14757981098913173
5.139317512512207,20.20082477272803,0.009994002854481458,-0.20082356546444377,-0.006983941494777726,0.14758010284322673
5.147687673568726,20.20082479930294,0.01000005618663757,-0.20082359202571687,-0.006983980941932066,0.14758033732055206
5.159449815750122,20.200824854952547,0.010006698221202025,-0.20082364764941973,-0.0069840558853871545,0.14758062633011446
5.167541027069092,20.200824881346712,0.010012782911239413,-0.20082367403004325,-0.006984095054382952,0.14758086068711476
5.175635814666748,20.200824915352513,0.010018996201269706,-0.20082370801793537,-0.0069841468586347745,0.14758110649549752
5.183282136917114,20.200824972943053,0.010025644484679963,-0.20082376558195095,-0.006984223591117438,0.147581398328333
5.190852403640747,20.200824999513525,0.010031693673652054,-0.20082379213878437,-0.0069842630388813835,0.14758163278831762
5.199530363082886,20.20082505515764,0.010038331776825685,-0.20082384775699447,-0.006984337982351595,0.14758192177723664
5.207844495773315,20.20082508154851,0.010044412749978348,-0.20082387413432062,-0.006984377151248661,0.14758215611727704
5.219419956207275,20.200825115551343,0.010050622559614072,-0.2008239081192462,-0.006984428955210839,0.14758240190857194
5.228724718093872,20.20082517313769,0.010057267503076743,-0.2008239656790684,-0.006984505686589537,0.14758269372087174
5.237112760543823,20.2008251997062,0.010063313529642934,-0.2008239922339373,-0.006984545133256779,0.14758292816419574
5.2448976039886475,20.200825255347148,0.010069948620128975,-0.2008240478489784,-0.006984620075143263,0.14758321713310887
5.253821134567261,20.2008252817369,0.010076026739535855,-0.20082407422518753,-0.006984659242439475,0.14758345145678736
5.261777877807617,20.20082531573881,0.010082233878972445,-0.20082410820919339,-0.006984711044702202,0.1475836972315567
5.2701685428619385,20.200825373322893,0.010088876242357039,-0.2008241657667443,-0.00698478777365491,0.1475839890238496
5.2796101570129395,20.200825399891237,0.010094919819823522,-0.20082419232145116,-0.006984827217985305,0.14758422345100697
5.289685010910034,20.20082545553071,0.0101015525679048,-0.200824247935016,-0.00698490215712191,0.14758451240038042
5.297783136367798,20.20082548192093,0.01010762846281957,-0.20082427431169664,-0.006984941321722667,0.1475847467081345
5.305689334869385,20.200825515923416,0.010113833521855914,-0.20082430829627332,-0.006984993121260383,0.14758499246678747
5.313954830169678,20.20082557350662,0.01012047385945679,-0.20082436585295216,-0.00698506984682319,0.147585284239459
5.322664737701416,20.200825600076115,0.01012651550754211,-0.20082439240881067,-0.006985109287912354,0.14758551865081151
5.331048250198364,20.200825655715345,0.01013314640104575,-0.20082444802213192,-0.006985184223450305,0.14758580758098494
5.33917236328125,20.200825682107194,0.010139220528628626,-0.2008244744004407,-0.006985223384561094,0.1475860418731318
5.347090244293213,20.200825716111336,0.010145423937161224,-0.20082450838667446,-0.0069852751806259656,0.14758628761596793
5.3567259311676025,20.20082577369469,0.010152062651999198,-0.20082456594350104,-0.006985351902098765,0.14758657936929961
5.364400148391724,20.200825800266294,0.010158102749431092,-0.2008245925014674,-0.006985391339288149,0.14758681376511054
5.372450828552246,20.200825855906174,0.010164732143847697,-0.20082464811544298,-0.006985466270611054,0.14758710267633193
5.382278203964233,20.200825882300492,0.010170804838047385,-0.2008246744962222,-0.006985505427650823,0.147587336953104
5.390089750289917,20.20082591630708,0.010177006909262282,-0.20082470848490316,-0.0069855572196988605,0.14758758268034064
5.398666858673096,20.200825973891323,0.010183644295344652,-0.20082476604261962,-0.006985633936570982,0.14758787441453777
5.411429166793823,20.20082600046573,0.010189683117915386,-0.20082479260338995,-0.0069856733693819985,0.14758810879499878
5.419299602508545,20.20082605610692,0.010196311272075322,-0.20082484821867375,-0.006985748296039643,0.147588397687449
5.4279022216796875,20.20082608250432,0.01020238277574626,-0.20082487460253678,-0.006985787448587708,0.14758863194901542
5.439424514770508,20.20082611651393,0.010208583737721039,-0.20082490859424057,-0.006985839236223405,0.14758887766081163
5.447746276855469,20.200826174099603,0.010215220008803347,-0.20082496615338735,-0.006985915948123276,0.1475891693760235
5.455887079238892,20.20082620067732,0.010221257757368133,-0.2008249927174686,-0.006985955376207709,0.14758940374127455
5.463809251785278,20.200826256320294,0.010227884859627034,-0.20082504833453682,-0.006986030297873359,0.14758969261508595
5.5994322299957275,20.200826282721223,0.010233955350072429,-0.20082507472192987,-0.006986069445621986,0.14758992686157021
5.609525680541992,20.200826316734275,0.010240155369067408,-0.20082510871707532,-0.0069861212285568745,0.14759017255804183
5.617498397827148,20.20082637432177,0.010246790681353061,-0.20082516627804572,-0.006986197935214467,0.1475904642543781
5.6265270709991455,20.20082640090316,0.010252827502602263,-0.20082519284580677,-0.0069862373583180724,0.1475906986045218
5.634291887283325,20.200826456548267,0.010259453690102472,-0.20082524846500582,-0.006986312274754675,0.14759098745979043
5.642384052276611,20.20082648295305,0.010265523296401957,-0.20082527485625337,-0.0069863514174806265,0.14759122169128228
5.650062799453735,20.200826538465048,0.010272181520822389,-0.20082533034239672,-0.006986426174214075,0.14759151044637045
5.658507823944092,20.200826564732832,0.010278277233589263,-0.20082535659668072,-0.006986465217486912,0.14759174454040358
5.67143440246582,20.20082659863652,0.010284496667527676,-0.20082539048248393,-0.00698651693529994,0.14759199010361423
5.679473638534546,20.20082665613326,0.01029114612158155,-0.20082544795271168,-0.006986593598347759,0.14759228168353214
5.687451601028442,20.20082668264228,0.010297192728078572,-0.20082547444810925,-0.0069866329914342485,0.14759251593981979
5.695487976074219,20.200826738225064,0.01030382516363953,-0.20082553000499417,-0.00698670788587685,0.1475928047099018
5.703280925750732,20.200826764579865,0.010309898256435331,-0.20082555634626523,-0.006986747012713001,0.14759303887219097
5.711415767669678,20.200826798554555,0.01031609884634772,-0.2008255903030545,-0.006986798779168498,0.14759328449265782
5.7197794914245605,20.20082685610634,0.010322732998727989,-0.20082564782831364,-0.0069868754711460025,0.14759357611151872
5.731432676315308,20.200826882661914,0.010328767449059546,-0.20082567437026,-0.0069869148825422904,0.1475938103990336
5.739817142486572,20.20082693828194,0.010335390332890505,-0.20082572996438056,-0.006986989788371014,0.14759409918802127
5.747758626937866,20.20082696466952,0.010341455997501331,-0.2008257563384298,-0.0069870289222323505,0.1475943333655198
5.755420446395874,20.200827020163615,0.010348109795122315,-0.20082581180667203,-0.006987103670315292,0.14759462206124205
5.763430833816528,20.200827046420248,0.010354200795812929,-0.20082583804980178,-0.006987142706041296,0.1475948561068755
5.771113872528076,20.200827080314713,0.010360415431975066,-0.20082587192638576,-0.006987194416983748,0.1475951016230559
5.780038118362427,20.200827137800168,0.010367059891042472,-0.2008259293853311,-0.006987271072138229,0.1475953931490007
5.7914323806762695,20.200827164303934,0.010373101491029733,-0.2008259558754774,-0.006987310458118633,0.14759562736168358
5.801354169845581,20.20082721987909,0.010379728922208861,-0.20082601142473042,-0.00698738534490302,0.1475959160809689
5.809255361557007,20.20082724623157,0.010385797093864179,-0.20082603776367922,-0.006987424464555428,0.14759615020186695
5.817154884338379,20.200827301694254,0.010392451785393724,-0.20082609320051836,-0.006987499201244336,0.1475964388425785
5.827470064163208,20.20082732792678,0.010398542464931859,-0.20082611941954662,-0.006987538228247173,0.14759667284349065
5.835280179977417,20.20082736180099,0.010404755910460564,-0.20082615327587314,-0.006987589932367936,0.14759691831885022
5.8433837890625,20.20082741926719,0.010411398426696583,-0.20082621071556297,-0.006987666581236585,0.14759720980239632
5.855436325073242,20.200827445757035,0.010417437589352447,-0.20082623719178802,-0.006987705962238387,0.1475974439807319
5.863570928573608,20.200827501318354,0.01042406220977451,-0.20082629272720764,-0.006987780844361294,0.14759773266304782
5.871665000915527,20.200827527661335,0.010430127339602201,-0.20082631905665815,-0.006987819960116393,0.14759796675376197
5.879544734954834,20.20082758311392,0.010436778820127317,-0.20082637448339455,-0.006987894692844029,0.14759825536086607
5.887324094772339,20.20082760934013,0.010442866216096587,-0.20082640069610966,-0.006987933716380337,0.14759848933434952
5.895432233810425,20.200827643209045,0.010449076404143356,-0.20082643454713753,-0.0069879854172986465,0.14759873478290064
5.90411376953125,20.200827700668647,0.010455715611140332,-0.2008264919802336,-0.006988062062252057,0.14759902623543764
5.915431022644043,20.200827727155346,0.01046175151004218,-0.20082651845331206,-0.006988101439698828,0.1475992603886872
5.92500901222229,20.20082778271208,0.01046837291103134,-0.20082657398414538,-0.006988176317867461,0.14759954904162373
5.933089256286621,20.200827809053536,0.010474434906289614,-0.20082660031207378,-0.00698821542988647,0.14759978310837604
5.9411845207214355,20.20082786450295,0.01048108332268196,-0.20082665573563935,-0.006988290158399258,0.14760007168700642
5.950976371765137,20.200827890728903,0.010487167758662463,-0.2008266819480936,-0.006988329177899064,0.14760030563729296
5.958739519119263,20.20082792459784,0.010493375142354568,-0.20082671579914446,-0.00698838087481784,0.14760055106254524
5.967311382293701,20.200827982055557,0.01050001158407642,-0.20082677323035858,-0.006988457514904229,0.1476008424870043
5.979518890380859,20.200828008543304,0.010506044824747807,-0.20082679970448467,-0.006988496887739257,0.1476010766176259
5.988149404525757,20.20082806409921,0.010512663649701666,-0.20082685523449031,-0.006988571760836278,0.14760136524326356
5.996370792388916,20.200828090442528,0.010518723175956587,-0.2008268815642774,-0.0069886108679616706,0.14760159928781913
6.0041344165802,20.200828145891826,0.010525369200804893,-0.2008269369877304,-0.006988685591089621,0.14760188783948558
6.012278318405151,20.20082817212029,0.0105314513467137,-0.20082696320269883,-0.00698872460538603,0.1476021217678682
6.020193338394165,20.200828227474492,0.010538115174081297,-0.2008270185310721,-0.006988799272525272,0.14760241021744283
6.0286102294921875,20.200828253626735,0.010544210736820183,-0.20082704466983173,-0.0069888382517479634,0.14760264406404136
6.039460897445679,20.2008282874353,0.010550425677393793,-0.20082707846052542,-0.006988889920334927,0.14760288939968697
6.049609422683716,20.20082834484023,0.010557066646302566,-0.2008271358389452,-0.006988966538501758,0.1476031807395894
6.057377576828003,20.200828371287013,0.010563102098513362,-0.20082716227211705,-0.006989005894948388,0.14760341480180747
6.0652077198028564,20.200828426806023,0.010569721310774126,-0.2008272177652284,-0.006989080754794071,0.14760370336029954
6.073105812072754,20.200828453121236,0.010575779860701632,-0.2008272440669177,-0.006989119851722038,0.14760393735024807
6.082104444503784,20.20082850854423,0.010582423851993513,-0.20082729946406735,-0.006989194566102355,0.14760422584591104
6.090347528457642,20.200828534753363,0.010588503214405971,-0.20082732565970382,-0.00698923357344941,0.14760445972866396
6.09827733039856,20.200828590088562,0.010595163687902085,-0.20082738096907407,-0.006989308234156959,0.14760474812947658
6.1063127517700195,20.20082861622758,0.010601255528387995,-0.20082740709460659,-0.006989347208039674,0.14760498193627145
6.114334344863892,20.200828650024963,0.010607466569116018,-0.20082744087411675,-0.006989398871989337,0.14760522723372507
6.12222695350647,20.20082870741765,0.01061410340896624,-0.2008274982403016,-0.00698947548489405,0.1476055185307007
6.131426811218262,20.20082873385715,0.01062013466710148,-0.20082752466618986,-0.006989514836774303,0.14760575255817104
6.139071941375732,20.20082878936745,0.010626749649406953,-0.2008275801505865,-0.006989589691705817,0.147606041076833
6.146791696548462,20.200828815678236,0.010632804010739001,-0.20082760644785133,-0.006989628784110537,0.14760627503427193
6.154691696166992,20.20082887109497,0.01063944385422933,-0.20082766183874215,-0.006989703493430953,0.14760656349189422
6.165624380111694,20.200828897301832,0.010645519168585506,-0.2008276880321063,-0.006989742496002539,0.14760679734361806
6.173449993133545,20.200828952632673,0.010652175677041107,-0.20082774333711978,-0.006989817151330094,0.14760708570762932
6.181892395019531,20.200828978771106,0.010658263682208504,-0.20082776946206835,-0.00698985612007113,0.14760731948443598
6.191516637802124,20.20082903404506,0.010664929462458521,-0.20082782471020252,-0.006989930752732335,0.14760760778525842
6.2014524936676025,20.20082906013679,0.010671023953410207,-0.20082785078845589,-0.00698996970599869,0.14760784151084988
6.209690809249878,20.20082909389477,0.010677235635030953,-0.20082788452856976,-0.006990021354213291,0.14760808673529519
6.219030141830444,20.200829151251074,0.01068387140496951,-0.20082794185836889,-0.006990097953477,0.14760837795846302
6.230319261550903,20.200829177663746,0.010689900385984769,-0.2008279682574276,-0.006990137294712752,0.1476086119262086
6.238507509231567,20.200829233148273,0.010696512160778621,-0.20082802371605982,-0.006990212140185398,0.1476089003821684
6.247391939163208,20.200829259440855,0.010702562676261587,-0.20082804999512094,-0.006990251224851881,0.14760913428849906
6.25545072555542,20.20082931483902,0.010709198189892508,-0.20082810536743592,-0.006990325926707617,0.14760942269033478
6.265928268432617,20.200829341033717,0.010715268887550821,-0.2008281315486448,-0.00699036492287218,0.1476096564965381
6.274260997772217,20.200829396351118,0.010721920570355786,-0.20082818684021667,-0.006990439571584947,0.1476099448093116
6.283707857131958,20.20082942248178,0.01072800367431198,-0.20082821295739522,-0.006990478534411988,0.1476101785443121
6.295456886291504,20.20082947774607,0.01073466450666038,-0.2008282681958636,-0.006990553160678669,0.1476104667969526
6.3042144775390625,20.200829503833294,0.010740754097291421,-0.2008282942696098,-0.0069905921080326925,0.1476107004832456
6.312403202056885,20.2008295590606,0.010747419281122425,-0.20082834947109762,-0.006990666723318917,0.1476109886936982
6.320744752883911,20.20082958511732,0.010753511554911046,-0.20082837551434377,-0.006990705663102286,0.1476112223457166
6.3315980434417725,20.20082964031817,0.010760178119392514,-0.2008284306893763,-0.006990780273142192,0.1476115105256602
6.339827060699463,20.200829666353002,0.010766270781177261,-0.20082845671073676,-0.0069908192096112855,0.14761174415283385
6.348161935806274,20.200829700062794,0.010772478773645875,-0.20082849040266487,-0.0069908708451223,0.14761198928753397
6.356571674346924,20.200829757373466,0.010779109260020342,-0.2008285476868308,-0.006990947432811884,0.14761228041783317
6.36547064781189,20.20082978375231,0.010785131920661368,-0.20082857405206922,-0.00699098676526339,0.14761251431022518
6.373914480209351,20.200829839203536,0.010791736608901436,-0.20082862947739444,-0.0069910616025862325,0.14761280268541552
6.3825602531433105,20.2008298654724,0.010797779578183033,-0.20082865573273734,-0.00699110068068795,0.1476130365257072
6.395435810089111,20.2008299208458,0.01080440722432267,-0.20082871108028713,-0.006991175375763826,0.14761332485429346
6.403560638427734,20.200829947024086,0.010810469940412567,-0.20082873724508524,-0.00699121436612736,0.14761355860061032
6.412046194076538,20.20083000232302,0.01081711358482233,-0.20082879251818597,-0.006991289008365623,0.14761384684518977
6.420115947723389,20.200830028442706,0.01082318873758759,-0.20082881862439428,-0.006991327965331853,0.1476140805244452
6.428492546081543,20.200830083693265,0.010829841712374411,-0.20082887384913006,-0.006991402584798991,0.14761436871230385
6.436542272567749,20.20083010977367,0.010835923643061103,-0.20082889991605607,-0.006991441525774601,0.14761460234566764
6.445055961608887,20.200830164990904,0.010842581340313616,-0.20082895510747661,-0.006991516133609408,0.1476148904936877
6.455445289611816,20.20083019104406,0.010848666379598432,-0.2008289811471575,-0.006991555066273553,0.14761512409474456
6.463576316833496,20.20083024623775,0.010855325918325626,-0.20082903631503246,-0.006991629668063473,0.14761541221391794
6.4715800285339355,20.200830272271627,0.010861411827791392,-0.2008290623354368,-0.006991668596574401,0.14761564579153347
6.614112377166748,20.20083032744831,0.010868071485780128,-0.20082911748630247,-0.00699174319543479,0.1476159338890121
6.622488021850586,20.200830353468273,0.010874156954580293,-0.20082914349279504,-0.006991782122095695,0.14761616744891207
6.631544828414917,20.20083040863238,0.010880815748011839,-0.2008291986310857,-0.006991856719727428,0.1476164555292978
6.640196323394775,20.200830434642118,0.010886900048136503,-0.2008292246273525,-0.00699189564579218,0.14761668907518727
6.648395299911499,20.20083048979674,0.010893557450832604,-0.20082927975616074,-0.006991970243111535,0.14761697714149238
6.657737970352173,20.20083051579886,0.01089964021557653,-0.20082930574480726,-0.006992009169227655,0.147617210675825
6.666776418685913,20.20083057094621,0.0109062959829239,-0.2008293608663405,-0.0069920837666686475,0.14761749873005028
6.67547345161438,20.20083059694258,0.010912377061592406,-0.20082938684924115,-0.0069921226930946285,0.14761773225444616
6.685169458389282,20.20083065208426,0.010919031117057361,-0.20082944196510238,-0.006992197290781523,0.14761802029790982
6.6934654712677,20.20083067807627,0.010925110489759256,-0.20082946794363649,-0.006992236217544694,0.14761825381344423
6.704423904418945,20.200830733213476,0.010931762854632427,-0.20082952305502613,-0.0069923108154391345,0.14761854184703457
6.713505506515503,20.20083075920217,0.010937840573830963,-0.20082954903024483,-0.006992349742450292,0.14761877535444615
6.722710847854614,20.20083081433583,0.01094449132426119,-0.20082960413808795,-0.006992424340422749,0.14761906337878017
6.731312036514282,20.20083084032202,0.010950567481569062,-0.20082963011080796,-0.006992463267522151,0.1476192968785805
6.741067886352539,20.200830895452864,0.010957216719489947,-0.20082968521583008,-0.006992537865392854,0.14761958489408386
6.749438762664795,20.200830921437205,0.010963291425189717,-0.2008297111866999,-0.006992576792386328,0.1476198183866315
6.757577419281006,20.200830976565808,0.010969939264681393,-0.20082976628948537,-0.006992651389955542,0.14762010639360987
6.7657318115234375,20.20083100254883,0.010976012633101278,-0.20082979225903358,-0.006992690316644887,0.14762033987916504
6.774038076400757,20.20083105767568,0.01098265918906447,-0.20082984736006326,-0.006992764913714281,0.14762062787784475
6.782034158706665,20.20083108365782,0.010988731333349523,-0.20082987332872784,-0.006992803839902055,0.1476208613566026
6.790519714355469,20.20083113878331,0.01099537671581552,-0.2008299284284017,-0.00699287843627921,0.14762114934715176
6.799303293228149,20.20083116476493,0.011001447743287202,-0.2008299543965498,-0.006992917361778705,0.14762138281925993
6.809098243713379,20.20083121988941,0.01100809205559541,-0.20083000949520607,-0.00699299195728404,0.14762167080180866
6.8172972202301025,20.200831245870823,0.011014162065649237,-0.20083003546314956,-0.006993030881921777,0.14762190426738245
6.825707912445068,20.200831300994572,0.01102080540276148,-0.20083009056107748,-0.00699310547638971,0.14762219224203468
6.839456558227539,20.20083132697605,0.011026874485314914,-0.20083011652908464,-0.0069931444000102755,0.14762242570116688
6.84762978553772,20.20083138209932,0.011033516933198402,-0.20083017162653302,-0.006993218993291431,0.14762271366800644
6.8566155433654785,20.200831408081097,0.011039585170099842,-0.20083019759483478,-0.006993257915751877,0.1476229471207723
6.864983320236206,20.2008314632041,0.011046226805911656,-0.20083025269201898,-0.006993332507712332,0.1476232350798678
6.876065015792847,20.20083148918637,0.011052294270317037,-0.2008302786608162,-0.006993371428885113,0.1476234685263303
6.884490728378296,20.200831544309295,0.011058935163498228,-0.20083033375792328,-0.0069934460194035755,0.1476237564777392
6.893871068954468,20.200831570292234,0.01106500192017955,-0.2008303597273911,-0.006993484939176913,0.14762398991795114
6.902084589004517,20.200831625415248,0.011071642132159354,-0.20083041482458497,-0.006993559528147398,0.147624277861723
6.913053035736084,20.20083165139901,0.011077708239645186,-0.2008304407948758,-0.006993598446418978,0.14762451129572943
6.921884059906006,20.20083170652226,0.011084347824512116,-0.20083049589229968,-0.006993673033746537,0.14762479923190547
6.930397033691406,20.200831732506973,0.011090413333821736,-0.2008305218635479,-0.006993711950427442,0.14762503265974528
6.9434380531311035,20.200831787630573,0.01109705234030507,-0.2008305769613271,-0.006993786536028123,0.1476253205883618
6.951640844345093,20.200831813616368,0.011103117297232106,-0.20083060293364982,-0.006993825451039925,0.14762555401006835
6.959677696228027,20.20083186874043,0.011109755767998988,-0.2008306580318945,-0.006993900034839747,0.14762584193115688
6.967571258544922,20.200831894727404,0.011115820212249486,-0.20083068400539533,-0.006993938948112001,0.1476260753467593
6.975586414337158,20.200831949852027,0.011122458184957681,-0.20083073910420224,-0.0069940135300454375,0.1476263632603468
6.984184265136719,20.20083197584027,0.011128522152608674,-0.2008307650789713,-0.0069940524415170405,0.1476265966698705
6.992657423019409,20.20083203096554,0.011135159661312387,-0.20083082017842532,-0.006994127021524282,0.1476268845759815
7.003433465957642,20.20083205695513,0.011141223183259781,-0.2008308461545426,-0.006994165931140893,0.14762711797944864
7.011255502700806,20.20083211208112,0.011147860256240504,-0.20083090125471892,-0.0069942405091738,0.1476274058781032
7.019044399261475,20.200832138072126,0.011153923360361861,-0.20083092723225443,-0.006994279416887396,0.14762763927553332
7.027295351028442,20.20083219319891,0.01116056002448574,-0.2008309823332186,-0.006994353992899285,0.14762792716675066
7.039180040359497,20.200832219191394,0.011166622735147295,-0.20083100831223413,-0.006994392898666998,0.14762816055816105
7.046925067901611,20.20083227431902,0.011173259012878585,-0.20083106341404416,-0.006994467472618683,0.14762844844195677
7.055147171020508,20.20083230031304,0.011179321351358249,-0.20083108939459415,-0.006994506376404501,0.14762868182736244
7.067428827285767,20.200832355441563,0.011185957262839405,-0.20083114449730088,-0.006994580948261087,0.14762896970375053
7.0755321979522705,20.200832381437163,0.011192019248354087,-0.20083117047943297,-0.006994619850031407,0.1476292030831648
7.083837032318115,20.20083243656663,0.011198654811628395,-0.2008312255830814,-0.006994694419761583,0.14762949095215824
7.092827320098877,20.200832462563856,0.011204716460694718,-0.2008312515668378,-0.006994733319487864,0.1476297243255927
7.1014015674591064,20.2008325176943,0.011211351691311915,-0.20083130667146729,-0.006994807887065584,0.14763001218720226
7.10933780670166,20.20083254369319,0.0112174130186145,-0.2008313326568848,-0.006994846784722189,0.14763024555466697
7.117539167404175,20.200832598824647,0.011224047930610371,-0.2008313877625305,-0.006994921350122412,0.14763053340890311
7.129680871963501,20.200832624825225,0.011230108949068632,-0.20083141374964184,-0.006994960245687698,0.14763076677040715
7.13809871673584,20.20083267995773,0.011236743554306646,-0.2008314688563341,-0.006995034808890748,0.14763105461727777
7.1471333503723145,20.200832705960032,0.011242804275612299,-0.20083149484516782,-0.00699507370234359,0.1476312879728293
7.159452199935913,20.200832761093615,0.01124943858480775,-0.2008315499529339,-0.006995148263330441,0.14763157581234232
7.167912244796753,20.20083278709766,0.01125549901906224,-0.20083157594351517,-0.006995187154654661,0.1476318091619482
7.177758455276489,20.20083284223234,0.011262133041864927,-0.20083163105237842,-0.006995261713409112,0.14763209699411017
7.186193943023682,20.20083286823816,0.011268193197391767,-0.2008316570447299,-0.006995300602589806,0.14763233033777673
7.199433326721191,20.200832923373955,0.011274826941858036,-0.20083171215471135,-0.006995375159097491,0.1476326181625934
7.208588361740112,20.20083294938156,0.011280886827276529,-0.20083173814885227,-0.006995414046119737,0.14763285150032662
7.217566728591919,20.20083300451849,0.01128752030125917,-0.20083179325997022,-0.00699548860036788,0.14763313931780378
7.226403474807739,20.200833030527903,0.011293579922685522,-0.20083181925591764,-0.006995527485221261,0.1476333726496074
7.239535093307495,20.200833085665987,0.011300213132186241,-0.20083187436818845,-0.006995602037199212,0.14763366045974924
7.249582767486572,20.20083311167722,0.011306272496159673,-0.20083190036595774,-0.0069956409198731915,0.14763389378562836
7.258243799209595,20.200833166816473,0.011312905447049777,-0.2008319554793955,-0.006995715469571137,0.14763418158843933
7.26694393157959,20.20083319282954,0.011318964558741873,-0.20083198147899983,-0.006995754350056751,0.14763441490839732
7.275846004486084,20.20083324796997,0.011325597256161137,-0.20083203659361704,-0.006995828897465361,0.147634702703881
7.2872474193573,20.200833273984887,0.011331656120323644,-0.20083206259506814,-0.006995867775753943,0.1476349360179214
7.296141624450684,20.200833329126503,0.011338288568432234,-0.20083211771087578,-0.0069959423208674505,0.1476352238060807
7.3052966594696045,20.200833355143274,0.011344347189390707,-0.20083214371418392,-0.006995981196952064,0.14763545711420673
7.318543434143066,20.200833410286094,0.011350979392472833,-0.2008321988311916,-0.006996055739762235,0.1476357448950449
7.327361345291138,20.20083343630473,0.011357037773293327,-0.20083222483636615,-0.006996094613637565,0.1476359781972588
7.33686900138855,20.20083349144876,0.011363669734510458,-0.2008322799545823,-0.00699616915413956,0.14763626597077806
7.345942258834839,20.200833517469267,0.011369727879359501,-0.20083230596163074,-0.006996208025798942,0.14763649926708267
7.3563971519470215,20.200833572614513,0.011376359601790413,-0.20083236108106287,-0.006996282563987637,0.1476367870332852
7.364527463912964,20.200833598636905,0.011382417513072505,-0.20083238708999224,-0.006996321433427088,0.1476370203236823
7.3733274936676025,20.20083365378337,0.01138904899894677,-0.20083244221064728,-0.00699639596929853,0.14763730808257036
7.381559610366821,20.200833679807648,0.011395106678942368,-0.2008324682214636,-0.006996434836514076,0.1476375413670612
7.38956093788147,20.20083373495534,0.01140173793161547,-0.20083252334334692,-0.006996509370062674,0.14763782911863715
7.398222208023071,20.200833760981507,0.0114077953827577,-0.20083254935605552,-0.006996548235050484,0.14763806239722377
7.407444477081299,20.200833816130434,0.01141442640337782,-0.20083260447917248,-0.006996622766274539,0.14763835014148854
7.41942572593689,20.2008338421585,0.011420483627985305,-0.20083263049377797,-0.006996661629030774,0.14763858341417258
7.4277074337005615,20.200833897308662,0.011427114418578457,-0.2008326856181329,-0.0069967361579274575,0.14763887115112775
7.435870170593262,20.200833923338628,0.011433171417780294,-0.20083271163463962,-0.006996775018450182,0.14763910441791014
7.444470405578613,20.200833978490035,0.011439801980442463,-0.20083276676023612,-0.006996849545015514,0.1476393921475572
7.452789068222046,20.200834004521905,0.01144585875582575,-0.20083279277864774,-0.006996888403302313,0.14763962540843928
7.461258888244629,20.200834059674555,0.011452489091441132,-0.2008328479054893,-0.00699696292753492,0.1476399131307789
7.469598054885864,20.200834085708333,0.011458545644799702,-0.20083287392580876,-0.0069970017835829755,0.147640146385762
7.478257417678833,20.20083414086223,0.011465175754863157,-0.2008329290538984,-0.0069970763054813595,0.1476404341007955
7.487751007080078,20.20083416689792,0.011471232086915816,-0.20083295507612856,-0.006997115159289589,0.14764066734988002
7.495685815811157,20.200834222053064,0.011477861972597788,-0.20083301020546884,-0.006997189678850898,0.14764095505760844
7.503880739212036,20.200834248090665,0.011483918084445007,-0.200833036229612,-0.006997228530417309,0.14764118830079515
7.512589931488037,20.20083430324707,0.011490547746798262,-0.2008330913602054,-0.006997303047640701,0.14764147600121977
7.521241664886475,20.200834329286582,0.011496603639467362,-0.20083311738626364,-0.006997341896964225,0.14764170923850967
7.646528959274292,20.20083438444424,0.011503233078876745,-0.20083317251811195,-0.006997416411848654,0.14764199693163027
7.654679775238037,20.200834410485665,0.011509288753414127,-0.20083319854608703,-0.0069974552589272725,0.14764223016302414
7.664872169494629,20.20083446564458,0.011515917971180487,-0.20083325367919183,-0.00699752977147117,0.14764251784884205
7.67301607131958,20.200834491687925,0.011521973427808791,-0.20083327970908538,-0.006997568616305203,0.14764275107434013
7.680785179138184,20.2008345468481,0.011528602424406032,-0.20083333484344856,-0.00699764312650754,0.14764303875285623
7.688693046569824,20.200834572893363,0.011534657664050799,-0.20083336087526182,-0.006997681969095423,0.147643271972459
7.696738243103027,20.200834628054793,0.011541286440251791,-0.20083341601088428,-0.006997756476955341,0.1476435596436735
7.705233335494995,20.200834654101982,0.011547341463425094,-0.20083344204461856,-0.0069977953172961705,0.14764379285738172
7.7168660163879395,20.200834709264672,0.011553970019322079,-0.20083349718150165,-0.006997869822813863,0.14764408052129513
7.724840879440308,20.200834735313784,0.011560024826481911,-0.2008335232171579,-0.006997908660907273,0.1476443137291091
7.732811450958252,20.20083479047773,0.011566653162726901,-0.20083357835530263,-0.006997983164081391,0.1476446013857222
7.743422985076904,20.20083481652876,0.011572707754487117,-0.2008336043928815,-0.006998021999926666,0.14764483458764224
7.751095294952393,20.200834871693974,0.0115793358714745,-0.20083365953228854,-0.006998096500757017,0.147645122236955
7.759261608123779,20.20083489774693,0.011585390248130888,-0.20083368557179107,-0.0069981353343537105,0.14764535543298182
7.7671873569488525,20.200834952913404,0.011592018146528582,-0.20083374071246105,-0.0069982098328399975,0.14764564307499523
7.775039196014404,20.20083497896828,0.011598072307982545,-0.2008337667538878,-0.006998248664187783,0.14764587626512854
7.782934904098511,20.20083503413602,0.011604699988118146,-0.20083382189582127,-0.0069983231603291075,0.14764616389984278
7.79083776473999,20.200835060192823,0.01161075393513302,-0.20083384793917258,-0.0069983619894280515,0.14764639708408314
7.803417444229126,20.200835115361823,0.011617381396720278,-0.2008339030823705,-0.006998436483224751,0.14764668471149858
7.811599016189575,20.200835141420548,0.01162343513003713,-0.20083392912764675,-0.0069984753100733365,0.14764691788984685
7.819777488708496,20.200835196590816,0.011630062373219173,-0.2008339842721092,-0.006998549801525715,0.1476472055099632
7.831418037414551,20.200835222651467,0.011636115892217797,-0.20083401031931103,-0.006998588626125093,0.1476474386824191
7.8392839431762695,20.200835277822996,0.011642742918314554,-0.2008340654650384,-0.006998663115231493,0.1476477262952381
7.847192287445068,20.200835303885576,0.011648796223427502,-0.2008340915141659,-0.00699870193758128,0.14764795946180162
7.8612220287323,20.20083535905837,0.011655423032003237,-0.20083414666115848,-0.006998776424341992,0.14764824706732282
7.86947774887085,20.200835385122872,0.011661476123551751,-0.20083417271221204,-0.00699881524444207,0.14764848022799473
7.87759804725647,20.20083544029693,0.011668102714456978,-0.20083422786047,-0.006998889728858246,0.14764876782621794
7.887414216995239,20.20083546636336,0.011674155592609623,-0.20083425391344945,-0.006998928546708156,0.14764900098099784
7.894905090332031,20.200835521538686,0.011680781966461372,-0.20083430906297342,-0.006999003028778142,0.14764928857192447
7.903059720993042,20.20083554760704,0.011686834631380358,-0.20083433511787915,-0.0069990418443781595,0.14764952172081314
7.91541862487793,20.20083560278363,0.011693460788051403,-0.20083439026866853,-0.0069991163241033974,0.1476498093044422
7.9231719970703125,20.200835628853905,0.01169951323968266,-0.2008344163255006,-0.006999155137453777,0.14765004244743946
7.931596517562866,20.200835684031766,0.011706139179402006,-0.20083447147755606,-0.006999229614833144,0.1476503300237721
7.943470478057861,20.200835710103966,0.011712191418330757,-0.20083449753631435,-0.006999268425932763,0.14765056316087857
7.951445579528809,20.20083576528309,0.011718817141079321,-0.20083455268963576,-0.006999342900967407,0.1476508507299146
7.959625244140625,20.20083579135722,0.011724869166790317,-0.2008345787503205,-0.006999381709817438,0.14765108386112988
7.972642421722412,20.20083584653761,0.011731494673175582,-0.2008346339049079,-0.006999456182506371,0.14765137142287008
7.980774164199829,20.200835872613666,0.011737546486149086,-0.200834659967519,-0.00699949498910636,0.14765160454819456
7.9887871742248535,20.20083592779532,0.01174417177552858,-0.20083471512337253,-0.006999569459450021,0.14765189210263874
7.999417543411255,20.2008359538733,0.01175022337580594,-0.20083474118790973,-0.00699960826380061,0.1476521252220724
8.008909702301025,20.200836009056218,0.01175684844865357,-0.2008347963450293,-0.006999682731798861,0.14765241276922086
8.016985893249512,20.20083603513613,0.01176289983624433,-0.20083482241149292,-0.006999721533899638,0.14765264588276442
8.024689435958862,20.200836090320315,0.01176952469268413,-0.2008348775698783,-0.006999795999552909,0.14765293342261732
8.032733917236328,20.200836116402144,0.011775575867740955,-0.20083490363826795,-0.006999834799404413,0.1476531665302703
8.040235042572021,20.200836171587596,0.011782200507594822,-0.20083495879791954,-0.006999909262713274,0.1476534540628282
8.048425912857056,20.200836197671354,0.011788251469926878,-0.20083498486823526,-0.00699994806031538,0.14765368716459065
8.056066036224365,20.20083625285807,0.011794875893617824,-0.20083504002915264,-0.007000022521278704,0.14765397468985375
8.064022779464722,20.200836278943754,0.011800926643619503,-0.20083506610139426,-0.007000061316631149,0.14765420778572633
8.072040319442749,20.200836334131736,0.011807550851061652,-0.20083512126357736,-0.007000135775249906,0.14765449530369462
8.080590009689331,20.200836360219345,0.011813601388459423,-0.2008351473377448,-0.007000174568353734,0.14765472839367694
8.088576316833496,20.20083641540859,0.011820225379360165,-0.20083520250119372,-0.007000249024628444,0.14765501590435043
8.09678602218628,20.200836441498126,0.011826275704262168,-0.20083522857728706,-0.007000287815483085,0.14765524898844307
8.104769945144653,20.200836496688638,0.01183289947934031,-0.2008352837420016,-0.0070003622694124945,0.14765553649182273
8.113448858261108,20.2008365227801,0.011838949592153656,-0.20083530982002015,-0.007000401058017804,0.14765576957002544
8.121796369552612,20.200836577971877,0.01184557315079853,-0.20083536498600021,-0.0070004755096038755,0.1476560570661108
8.130298852920532,20.20083660406526,0.011851623051084306,-0.20083539106594442,-0.007000514295960755,0.147656290138424
8.138185501098633,20.2008366592583,0.011858246393658496,-0.20083544623318977,-0.007000588745202944,0.14765657762721537
8.147199392318726,20.20083668535361,0.01186429608165524,-0.20083547231505916,-0.007000627529311222,0.14765681069363895
8.155298233032227,20.200836740547917,0.01187091920818101,-0.2008355274835698,-0.007000701976208856,0.14765709817513675
8.167736768722534,20.20083676664515,0.011876968683891905,-0.20083555356736432,-0.007000740758068725,0.147657331235671
8.179460525512695,20.20083682184072,0.011883591594000311,-0.20083560873714015,-0.007000815202623664,0.14765761870987495
8.190476894378662,20.20083684793988,0.011889640857997857,-0.2008356348228591,-0.007000853982234732,0.14765785176451982
8.201569080352783,20.200836903136715,0.011896263552130998,-0.20083568999389992,-0.007000928424445746,0.14765813923143056
8.211439371109009,20.2008369292378,0.011902312603581888,-0.20083571608154396,-0.0070009672018093395,0.14765837228018644
8.21963381767273,20.2008369844359,0.011908935081701596,-0.20083577125384966,-0.007001041641677126,0.14765865973980405
8.227903127670288,20.200837010538905,0.01191498392128647,-0.20083579734341805,-0.007001080416792485,0.14765889278267108
8.236037492752075,20.200837065738266,0.011921606183141482,-0.20083585251698832,-0.007001154854317036,0.1476591802349954
8.244483232498169,20.200837091843194,0.011927654810465952,-0.2008358786084811,-0.007001193627185078,0.14765941327197335
8.252371788024902,20.200837147043828,0.011934276856851406,-0.200835933783316,-0.0070012680623664615,0.14765970071700557
8.262561321258545,20.20083717315068,0.01194032527177235,-0.200835959876733,-0.007001306832987529,0.14765993374809436
8.271106481552124,20.200837228352572,0.011946947102157093,-0.2008360150528323,-0.0070013812658258,0.14766022118583413
8.27934718132019,20.200837254461348,0.011952995305202477,-0.2008360411481731,-0.007001420034199092,0.14766045421103424
8.290069818496704,20.200837309664504,0.011959616919669208,-0.20083609632553656,-0.007001494464695279,0.14766074164148169
8.298555850982666,20.2008373357752,0.01196566491068001,-0.20083612242280105,-0.007001533230821162,0.14766097466079303
8.307351112365723,20.200837390979622,0.011972286308942474,-0.2008361776014287,-0.007001607658975426,0.14766126208394806
8.319418907165527,20.20083741709225,0.011978334087944137,-0.20083620370061675,-0.007001646422853962,0.14766149509737106
8.327672004699707,20.20083747229793,0.011984955270628905,-0.2008362588805082,-0.007001720848665461,0.14766178251323442
8.335983276367188,20.200837498412476,0.011991002837198417,-0.20083628498161973,-0.0070017596102985346,0.14766201552076866
8.34378719329834,20.200837553619422,0.01199762380401606,-0.2008363401627749,-0.007001834033767904,0.14766230292934027
8.351739645004272,20.200837579735893,0.012003671158958099,-0.2008363662658095,-0.007001872793153539,0.1476625359309865
